时间, 传感器, 数值, 单位
2026-02-18 19:02:36, 温度, 0, ℃
2026-02-18 19:02:36, 湿度, 0, rh%
2026-02-18 19:02:36, 二氧化碳, 0, ppm
2026-02-18 19:02:36, 火焰强度, 0, level
2026-02-18 19:02:36, 亮度, 0, lux
2026-02-18 19:02:46, 温度, 0, ℃
2026-02-18 19:02:46, 湿度, 0, rh%
2026-02-18 19:02:46, 二氧化碳, 0, ppm
2026-02-18 19:02:46, 火焰强度, 0, level
2026-02-18 19:02:46, 亮度, 0, lux
2026-02-18 19:02:56, 温度, 0, ℃
2026-02-18 19:02:56, 湿度, 0, rh%
2026-02-18 19:02:56, 二氧化碳, 0, ppm
2026-02-18 19:02:56, 火焰强度, 0, level
2026-02-18 19:02:56, 亮度, 0, lux
2026-02-18 19:03:06, 温度, 0, ℃
2026-02-18 19:03:06, 湿度, 0, rh%
2026-02-18 19:03:06, 二氧化碳, 0, ppm
2026-02-18 19:03:06, 火焰强度, 0, level
2026-02-18 19:03:06, 亮度, 0, lux
2026-02-18 19:03:16, 温度, 0, ℃
2026-02-18 19:03:16, 湿度, 0, rh%
2026-02-18 19:03:16, 二氧化碳, 0, ppm
2026-02-18 19:03:16, 火焰强度, 0, level
2026-02-18 19:03:16, 亮度, 0, lux
2026-02-18 19:03:26, 温度, 0, ℃
2026-02-18 19:03:26, 湿度, 0, rh%
2026-02-18 19:03:26, 二氧化碳, 0, ppm
2026-02-18 19:03:26, 火焰强度, 0, level
2026-02-18 19:03:26, 亮度, 0, lux
2026-02-18 19:03:36, 温度, 0, ℃
2026-02-18 19:03:36, 湿度, 0, rh%
2026-02-18 19:03:36, 二氧化碳, 0, ppm
2026-02-18 19:03:36, 火焰强度, 0, level
2026-02-18 19:03:36, 亮度, 0, lux
2026-02-18 19:03:46, 温度, 0, ℃
2026-02-18 19:03:46, 湿度, 0, rh%
2026-02-18 19:03:46, 二氧化碳, 0, ppm
2026-02-18 19:03:46, 火焰强度, 0, level
2026-02-18 19:03:46, 亮度, 0, lux
2026-03-02 20:01:09, 温度, 0, ℃
2026-03-02 20:01:09, 湿度, 0, rh%
2026-03-02 20:01:09, 二氧化碳, 0, ppm
2026-03-02 20:01:09, 火焰强度, 0, level
2026-03-02 20:01:09, 亮度, 0, lux
2026-03-02 20:01:19, 温度, 1, ℃
2026-03-02 20:01:19, 湿度, 1, rh%
2026-03-02 20:01:19, 二氧化碳, 24166, ppm
2026-03-02 20:01:19, 火焰强度, 257, level
2026-03-02 20:01:19, 亮度, 257, lux
2026-03-02 20:01:29, 温度, 1, ℃
2026-03-02 20:01:29, 湿度, 1, rh%
2026-03-02 20:01:29, 二氧化碳, 24166, ppm
2026-03-02 20:01:29, 火焰强度, 350, level
2026-03-02 20:01:29, 亮度, 257, lux
2026-03-02 20:01:39, 温度, 1, ℃
2026-03-02 20:01:39, 湿度, 1, rh%
2026-03-02 20:01:39, 二氧化碳, 24166, ppm
2026-03-02 20:01:39, 火焰强度, 24159, level
2026-03-02 20:01:39, 亮度, 257, lux
2026-03-02 20:01:49, 温度, 1, ℃
2026-03-02 20:01:49, 湿度, 1, rh%
2026-03-02 20:01:49, 二氧化碳, 24166, ppm
2026-03-02 20:01:49, 火焰强度, 24159, level
2026-03-02 20:01:49, 亮度, 257, lux
2026-03-02 20:01:59, 温度, 1, ℃
2026-03-02 20:01:59, 湿度, 1, rh%
2026-03-02 20:01:59, 二氧化碳, 24166, ppm
2026-03-02 20:01:59, 火焰强度, 350, level
2026-03-02 20:01:59, 亮度, 257, lux
2026-03-02 20:02:09, 温度, 1, ℃
2026-03-02 20:02:09, 湿度, 1, rh%
2026-03-02 20:02:09, 二氧化碳, 24166, ppm
2026-03-02 20:02:09, 火焰强度, 4027, level
2026-03-02 20:02:09, 亮度, 257, lux
2026-03-02 20:02:19, 温度, 1, ℃
2026-03-02 20:02:19, 湿度, 1, rh%
2026-03-02 20:02:19, 二氧化碳, 355, ppm
2026-03-02 20:02:19, 火焰强度, 4027, level
2026-03-02 20:02:19, 亮度, 257, lux
2026-03-02 20:02:29, 温度, 1, ℃
2026-03-02 20:02:29, 湿度, 1, rh%
2026-03-02 20:02:29, 二氧化碳, 355, ppm
2026-03-02 20:02:29, 火焰强度, 4027, level
2026-03-02 20:02:29, 亮度, 257, lux
2026-03-02 20:02:39, 温度, 1, ℃
2026-03-02 20:02:39, 湿度, 1, rh%
2026-03-02 20:02:39, 二氧化碳, 355, ppm
2026-03-02 20:02:39, 火焰强度, 4027, level
2026-03-02 20:02:39, 亮度, 257, lux
2026-03-02 20:02:49, 温度, 1, ℃
2026-03-02 20:02:49, 湿度, 1, rh%
2026-03-02 20:02:49, 二氧化碳, 355, ppm
2026-03-02 20:02:49, 火焰强度, 4027, level
2026-03-02 20:02:49, 亮度, 257, lux
2026-03-02 20:02:59, 温度, 16, ℃
2026-03-02 20:02:59, 湿度, 1, rh%
2026-03-02 20:02:59, 二氧化碳, 355, ppm
2026-03-02 20:02:59, 火焰强度, 350, level
2026-03-02 20:02:59, 亮度, 118, lux
2026-03-02 20:03:09, 温度, 16, ℃
2026-03-02 20:03:09, 湿度, 50, rh%
2026-03-02 20:03:09, 二氧化碳, 355, ppm
2026-03-02 20:03:09, 火焰强度, 4027, level
2026-03-02 20:03:09, 亮度, 118, lux
2026-03-02 20:03:19, 温度, 16, ℃
2026-03-02 20:03:19, 湿度, 50, rh%
2026-03-02 20:03:19, 二氧化碳, 350, ppm
2026-03-02 20:03:19, 火焰强度, 1, level
2026-03-02 20:03:19, 亮度, 153, lux
2026-03-02 20:03:29, 温度, 16, ℃
2026-03-02 20:03:29, 湿度, 50, rh%
2026-03-02 20:03:29, 二氧化碳, 350, ppm
2026-03-02 20:03:29, 火焰强度, 1, level
2026-03-02 20:03:29, 亮度, 143, lux
2026-03-02 20:03:39, 温度, 16, ℃
2026-03-02 20:03:39, 湿度, 50, rh%
2026-03-02 20:03:39, 二氧化碳, 350, ppm
2026-03-02 20:03:39, 火焰强度, 1, level
2026-03-02 20:03:39, 亮度, 169, lux
2026-03-02 20:03:49, 温度, 16, ℃
2026-03-02 20:03:49, 湿度, 50, rh%
2026-03-02 20:03:49, 二氧化碳, 350, ppm
2026-03-02 20:03:49, 火焰强度, 1, level
2026-03-02 20:03:49, 亮度, 169, lux
2026-03-02 20:03:59, 温度, 16, ℃
2026-03-02 20:03:59, 湿度, 50, rh%
2026-03-02 20:03:59, 二氧化碳, 350, ppm
2026-03-02 20:03:59, 火焰强度, 258, level
2026-03-02 20:03:59, 亮度, 169, lux
2026-03-02 20:04:09, 温度, 16, ℃
2026-03-02 20:04:09, 湿度, 50, rh%
2026-03-02 20:04:09, 二氧化碳, 350, ppm
2026-03-02 20:04:09, 火焰强度, 10325, level
2026-03-02 20:04:09, 亮度, 169, lux
2026-03-02 20:04:19, 温度, 16, ℃
2026-03-02 20:04:19, 湿度, 50, rh%
2026-03-02 20:04:19, 二氧化碳, 350, ppm
2026-03-02 20:04:19, 火焰强度, 10325, level
2026-03-02 20:04:19, 亮度, 169, lux
2026-03-02 20:04:29, 温度, 16, ℃
2026-03-02 20:04:29, 湿度, 50, rh%
2026-03-02 20:04:29, 二氧化碳, 350, ppm
2026-03-02 20:04:29, 火焰强度, 10325, level
2026-03-02 20:04:29, 亮度, 169, lux
2026-03-02 20:04:39, 温度, 16, ℃
2026-03-02 20:04:39, 湿度, 50, rh%
2026-03-02 20:04:39, 二氧化碳, 350, ppm
2026-03-02 20:04:39, 火焰强度, 10325, level
2026-03-02 20:04:39, 亮度, 169, lux
2026-03-02 20:04:49, 温度, 16, ℃
2026-03-02 20:04:49, 湿度, 50, rh%
2026-03-02 20:04:49, 二氧化碳, 350, ppm
2026-03-02 20:04:49, 火焰强度, 10325, level
2026-03-02 20:04:49, 亮度, 169, lux
2026-03-02 20:04:59, 温度, 16, ℃
2026-03-02 20:04:59, 湿度, 50, rh%
2026-03-02 20:04:59, 二氧化碳, 350, ppm
2026-03-02 20:04:59, 火焰强度, 10325, level
2026-03-02 20:04:59, 亮度, 169, lux
2026-03-02 20:05:09, 温度, 16, ℃
2026-03-02 20:05:09, 湿度, 50, rh%
2026-03-02 20:05:09, 二氧化碳, 350, ppm
2026-03-02 20:05:09, 火焰强度, 10325, level
2026-03-02 20:05:09, 亮度, 169, lux
2026-03-02 20:05:19, 温度, 16, ℃
2026-03-02 20:05:19, 湿度, 50, rh%
2026-03-02 20:05:19, 二氧化碳, 350, ppm
2026-03-02 20:05:19, 火焰强度, 10325, level
2026-03-02 20:05:19, 亮度, 169, lux
2026-03-02 20:05:29, 温度, 16, ℃
2026-03-02 20:05:29, 湿度, 50, rh%
2026-03-02 20:05:29, 二氧化碳, 350, ppm
2026-03-02 20:05:29, 火焰强度, 10325, level
2026-03-02 20:05:29, 亮度, 169, lux
2026-03-02 20:05:39, 温度, 16, ℃
2026-03-02 20:05:39, 湿度, 50, rh%
2026-03-02 20:05:39, 二氧化碳, 350, ppm
2026-03-02 20:05:39, 火焰强度, 10325, level
2026-03-02 20:05:39, 亮度, 169, lux
2026-03-02 20:05:49, 温度, 16, ℃
2026-03-02 20:05:49, 湿度, 50, rh%
2026-03-02 20:05:49, 二氧化碳, 350, ppm
2026-03-02 20:05:49, 火焰强度, 10325, level
2026-03-02 20:05:49, 亮度, 169, lux
2026-03-02 20:05:59, 温度, 16, ℃
2026-03-02 20:05:59, 湿度, 50, rh%
2026-03-02 20:05:59, 二氧化碳, 377, ppm
2026-03-02 20:05:59, 火焰强度, 1, level
2026-03-02 20:05:59, 亮度, 169, lux
2026-03-02 20:06:10, 温度, 16, ℃
2026-03-02 20:06:10, 湿度, 50, rh%
2026-03-02 20:06:10, 二氧化碳, 377, ppm
2026-03-02 20:06:10, 火焰强度, 1, level
2026-03-02 20:06:10, 亮度, 169, lux
2026-03-02 20:06:20, 温度, 16, ℃
2026-03-02 20:06:20, 湿度, 50, rh%
2026-03-02 20:06:20, 二氧化碳, 377, ppm
2026-03-02 20:06:20, 火焰强度, 1, level
2026-03-02 20:06:20, 亮度, 169, lux
2026-03-02 20:06:30, 温度, 16, ℃
2026-03-02 20:06:30, 湿度, 50, rh%
2026-03-02 20:06:30, 二氧化碳, 377, ppm
2026-03-02 20:06:30, 火焰强度, 1, level
2026-03-02 20:06:30, 亮度, 169, lux
2026-03-02 20:06:40, 温度, 16, ℃
2026-03-02 20:06:40, 湿度, 50, rh%
2026-03-02 20:06:40, 二氧化碳, 377, ppm
2026-03-02 20:06:40, 火焰强度, 1, level
2026-03-02 20:06:40, 亮度, 169, lux
2026-03-02 20:06:50, 温度, 16, ℃
2026-03-02 20:06:50, 湿度, 50, rh%
2026-03-02 20:06:50, 二氧化碳, 377, ppm
2026-03-02 20:06:50, 火焰强度, 1, level
2026-03-02 20:06:50, 亮度, 169, lux
2026-03-02 20:07:00, 温度, 16, ℃
2026-03-02 20:07:00, 湿度, 50, rh%
2026-03-02 20:07:00, 二氧化碳, 377, ppm
2026-03-02 20:07:00, 火焰强度, 34, level
2026-03-02 20:07:00, 亮度, 169, lux
2026-03-02 20:07:10, 温度, 16, ℃
2026-03-02 20:07:10, 湿度, 50, rh%
2026-03-02 20:07:10, 二氧化碳, 377, ppm
2026-03-02 20:07:10, 火焰强度, 34, level
2026-03-02 20:07:10, 亮度, 169, lux
2026-03-02 20:07:20, 温度, 16, ℃
2026-03-02 20:07:20, 湿度, 50, rh%
2026-03-02 20:07:20, 二氧化碳, 377, ppm
2026-03-02 20:07:20, 火焰强度, 34, level
2026-03-02 20:07:20, 亮度, 169, lux
2026-03-02 20:07:30, 温度, 16, ℃
2026-03-02 20:07:30, 湿度, 50, rh%
2026-03-02 20:07:30, 二氧化碳, 377, ppm
2026-03-02 20:07:30, 火焰强度, 34, level
2026-03-02 20:07:30, 亮度, 169, lux
2026-03-02 20:07:40, 温度, 16, ℃
2026-03-02 20:07:40, 湿度, 50, rh%
2026-03-02 20:07:40, 二氧化碳, 377, ppm
2026-03-02 20:07:40, 火焰强度, 34, level
2026-03-02 20:07:40, 亮度, 169, lux
2026-03-02 20:07:50, 温度, 16, ℃
2026-03-02 20:07:50, 湿度, 50, rh%
2026-03-02 20:07:50, 二氧化碳, 377, ppm
2026-03-02 20:07:50, 火焰强度, 34, level
2026-03-02 20:07:50, 亮度, 169, lux
2026-03-02 20:08:00, 温度, 16, ℃
2026-03-02 20:08:00, 湿度, 50, rh%
2026-03-02 20:08:00, 二氧化碳, 377, ppm
2026-03-02 20:08:00, 火焰强度, 40, level
2026-03-02 20:08:00, 亮度, 169, lux
2026-03-02 20:08:10, 温度, 16, ℃
2026-03-02 20:08:10, 湿度, 50, rh%
2026-03-02 20:08:10, 二氧化碳, 377, ppm
2026-03-02 20:08:10, 火焰强度, 40, level
2026-03-02 20:08:10, 亮度, 169, lux
2026-03-02 20:08:20, 温度, 16, ℃
2026-03-02 20:08:20, 湿度, 50, rh%
2026-03-02 20:08:20, 二氧化碳, 377, ppm
2026-03-02 20:08:20, 火焰强度, 40, level
2026-03-02 20:08:20, 亮度, 169, lux
2026-03-02 20:08:30, 温度, 16, ℃
2026-03-02 20:08:30, 湿度, 50, rh%
2026-03-02 20:08:30, 二氧化碳, 377, ppm
2026-03-02 20:08:30, 火焰强度, 40, level
2026-03-02 20:08:30, 亮度, 169, lux
2026-03-02 20:08:40, 温度, 16, ℃
2026-03-02 20:08:40, 湿度, 50, rh%
2026-03-02 20:08:40, 二氧化碳, 377, ppm
2026-03-02 20:08:40, 火焰强度, 40, level
2026-03-02 20:08:40, 亮度, 169, lux
2026-03-02 20:08:50, 温度, 16, ℃
2026-03-02 20:08:50, 湿度, 50, rh%
2026-03-02 20:08:50, 二氧化碳, 377, ppm
2026-03-02 20:08:50, 火焰强度, 40, level
2026-03-02 20:08:50, 亮度, 169, lux
2026-03-02 20:09:00, 温度, 16, ℃
2026-03-02 20:09:00, 湿度, 50, rh%
2026-03-02 20:09:00, 二氧化碳, 377, ppm
2026-03-02 20:09:00, 火焰强度, 40, level
2026-03-02 20:09:00, 亮度, 169, lux
2026-03-02 20:09:10, 温度, 16, ℃
2026-03-02 20:09:10, 湿度, 50, rh%
2026-03-02 20:09:10, 二氧化碳, 377, ppm
2026-03-02 20:09:10, 火焰强度, 9557, level
2026-03-02 20:09:10, 亮度, 169, lux
2026-03-02 20:09:20, 温度, 16, ℃
2026-03-02 20:09:20, 湿度, 50, rh%
2026-03-02 20:09:20, 二氧化碳, 377, ppm
2026-03-02 20:09:20, 火焰强度, 9557, level
2026-03-02 20:09:20, 亮度, 169, lux
2026-03-02 20:09:30, 温度, 16, ℃
2026-03-02 20:09:30, 湿度, 50, rh%
2026-03-02 20:09:30, 二氧化碳, 377, ppm
2026-03-02 20:09:30, 火焰强度, 9557, level
2026-03-02 20:09:30, 亮度, 169, lux
2026-03-02 20:09:40, 温度, 16, ℃
2026-03-02 20:09:40, 湿度, 50, rh%
2026-03-02 20:09:40, 二氧化碳, 377, ppm
2026-03-02 20:09:40, 火焰强度, 9557, level
2026-03-02 20:09:40, 亮度, 169, lux
2026-03-02 20:09:50, 温度, 16, ℃
2026-03-02 20:09:50, 湿度, 50, rh%
2026-03-02 20:09:50, 二氧化碳, 377, ppm
2026-03-02 20:09:50, 火焰强度, 9557, level
2026-03-02 20:09:50, 亮度, 169, lux
2026-03-02 20:10:00, 温度, 16, ℃
2026-03-02 20:10:00, 湿度, 50, rh%
2026-03-02 20:10:00, 二氧化碳, 377, ppm
2026-03-02 20:10:00, 火焰强度, 9557, level
2026-03-02 20:10:00, 亮度, 169, lux
2026-03-02 20:10:10, 温度, 16, ℃
2026-03-02 20:10:10, 湿度, 50, rh%
2026-03-02 20:10:10, 二氧化碳, 377, ppm
2026-03-02 20:10:10, 火焰强度, 9557, level
2026-03-02 20:10:10, 亮度, 169, lux
2026-03-02 20:10:20, 温度, 16, ℃
2026-03-02 20:10:20, 湿度, 50, rh%
2026-03-02 20:10:20, 二氧化碳, 377, ppm
2026-03-02 20:10:20, 火焰强度, 9557, level
2026-03-02 20:10:20, 亮度, 169, lux
2026-03-02 20:10:30, 温度, 16, ℃
2026-03-02 20:10:30, 湿度, 50, rh%
2026-03-02 20:10:30, 二氧化碳, 377, ppm
2026-03-02 20:10:30, 火焰强度, 9557, level
2026-03-02 20:10:30, 亮度, 169, lux
2026-03-02 20:10:40, 温度, 16, ℃
2026-03-02 20:10:40, 湿度, 50, rh%
2026-03-02 20:10:40, 二氧化碳, 377, ppm
2026-03-02 20:10:40, 火焰强度, 9557, level
2026-03-02 20:10:40, 亮度, 169, lux
2026-03-02 20:10:50, 温度, 16, ℃
2026-03-02 20:10:50, 湿度, 50, rh%
2026-03-02 20:10:50, 二氧化碳, 377, ppm
2026-03-02 20:10:50, 火焰强度, 9557, level
2026-03-02 20:10:50, 亮度, 169, lux
2026-03-02 20:11:00, 温度, 16, ℃
2026-03-02 20:11:00, 湿度, 50, rh%
2026-03-02 20:11:00, 二氧化碳, 377, ppm
2026-03-02 20:11:00, 火焰强度, 9557, level
2026-03-02 20:11:00, 亮度, 169, lux
2026-03-02 20:11:10, 温度, 16, ℃
2026-03-02 20:11:10, 湿度, 50, rh%
2026-03-02 20:11:10, 二氧化碳, 377, ppm
2026-03-02 20:11:10, 火焰强度, 9557, level
2026-03-02 20:11:10, 亮度, 169, lux
2026-03-02 20:11:20, 温度, 16, ℃
2026-03-02 20:11:20, 湿度, 50, rh%
2026-03-02 20:11:20, 二氧化碳, 377, ppm
2026-03-02 20:11:20, 火焰强度, 9557, level
2026-03-02 20:11:20, 亮度, 169, lux
2026-03-02 20:11:30, 温度, 16, ℃
2026-03-02 20:11:30, 湿度, 50, rh%
2026-03-02 20:11:30, 二氧化碳, 377, ppm
2026-03-02 20:11:30, 火焰强度, 9557, level
2026-03-02 20:11:30, 亮度, 169, lux
2026-03-02 20:11:40, 温度, 16, ℃
2026-03-02 20:11:40, 湿度, 50, rh%
2026-03-02 20:11:40, 二氧化碳, 377, ppm
2026-03-02 20:11:40, 火焰强度, 9557, level
2026-03-02 20:11:40, 亮度, 169, lux
2026-03-02 20:11:50, 温度, 16, ℃
2026-03-02 20:11:50, 湿度, 50, rh%
2026-03-02 20:11:50, 二氧化碳, 377, ppm
2026-03-02 20:11:50, 火焰强度, 21930, level
2026-03-02 20:11:50, 亮度, 169, lux
2026-03-02 20:12:00, 温度, 16, ℃
2026-03-02 20:12:00, 湿度, 50, rh%
2026-03-02 20:12:00, 二氧化碳, 377, ppm
2026-03-02 20:12:00, 火焰强度, 4027, level
2026-03-02 20:12:00, 亮度, 169, lux
2026-03-02 20:12:10, 温度, 16, ℃
2026-03-02 20:12:10, 湿度, 50, rh%
2026-03-02 20:12:10, 二氧化碳, 24166, ppm
2026-03-02 20:12:10, 火焰强度, 350, level
2026-03-02 20:12:10, 亮度, 169, lux
2026-03-02 20:12:20, 温度, 16, ℃
2026-03-02 20:12:20, 湿度, 50, rh%
2026-03-02 20:12:20, 二氧化碳, 350, ppm
2026-03-02 20:12:20, 火焰强度, 350, level
2026-03-02 20:12:20, 亮度, 167, lux
2026-03-02 20:12:30, 温度, 16, ℃
2026-03-02 20:12:30, 湿度, 50, rh%
2026-03-02 20:12:30, 二氧化碳, 350, ppm
2026-03-02 20:12:30, 火焰强度, 4027, level
2026-03-02 20:12:30, 亮度, 167, lux
2026-03-02 20:12:40, 温度, 16, ℃
2026-03-02 20:12:40, 湿度, 50, rh%
2026-03-02 20:12:40, 二氧化碳, 350, ppm
2026-03-02 20:12:40, 火焰强度, 4027, level
2026-03-02 20:12:40, 亮度, 167, lux
2026-03-02 20:12:50, 温度, 16, ℃
2026-03-02 20:12:50, 湿度, 50, rh%
2026-03-02 20:12:50, 二氧化碳, 350, ppm
2026-03-02 20:12:50, 火焰强度, 4027, level
2026-03-02 20:12:50, 亮度, 167, lux
2026-03-02 20:13:00, 温度, 16, ℃
2026-03-02 20:13:00, 湿度, 50, rh%
2026-03-02 20:13:00, 二氧化碳, 350, ppm
2026-03-02 20:13:00, 火焰强度, 4027, level
2026-03-02 20:13:00, 亮度, 167, lux
2026-03-02 20:13:10, 温度, 16, ℃
2026-03-02 20:13:10, 湿度, 50, rh%
2026-03-02 20:13:10, 二氧化碳, 350, ppm
2026-03-02 20:13:10, 火焰强度, 4027, level
2026-03-02 20:13:10, 亮度, 167, lux
2026-03-02 20:13:20, 温度, 16, ℃
2026-03-02 20:13:20, 湿度, 50, rh%
2026-03-02 20:13:20, 二氧化碳, 350, ppm
2026-03-02 20:13:20, 火焰强度, 4027, level
2026-03-02 20:13:20, 亮度, 167, lux
2026-03-02 20:13:30, 温度, 16, ℃
2026-03-02 20:13:30, 湿度, 50, rh%
2026-03-02 20:13:30, 二氧化碳, 350, ppm
2026-03-02 20:13:30, 火焰强度, 4027, level
2026-03-02 20:13:30, 亮度, 167, lux
2026-03-02 20:13:40, 温度, 16, ℃
2026-03-02 20:13:40, 湿度, 50, rh%
2026-03-02 20:13:40, 二氧化碳, 350, ppm
2026-03-02 20:13:40, 火焰强度, 4027, level
2026-03-02 20:13:40, 亮度, 167, lux
2026-03-02 20:13:50, 温度, 16, ℃
2026-03-02 20:13:50, 湿度, 50, rh%
2026-03-02 20:13:50, 二氧化碳, 350, ppm
2026-03-02 20:13:50, 火焰强度, 4027, level
2026-03-02 20:13:50, 亮度, 167, lux
2026-03-02 20:14:00, 温度, 16, ℃
2026-03-02 20:14:00, 湿度, 50, rh%
2026-03-02 20:14:00, 二氧化碳, 350, ppm
2026-03-02 20:14:00, 火焰强度, 4027, level
2026-03-02 20:14:00, 亮度, 167, lux
2026-03-02 20:14:10, 温度, 16, ℃
2026-03-02 20:14:10, 湿度, 50, rh%
2026-03-02 20:14:10, 二氧化碳, 350, ppm
2026-03-02 20:14:10, 火焰强度, 4027, level
2026-03-02 20:14:10, 亮度, 167, lux
2026-03-02 20:14:20, 温度, 16, ℃
2026-03-02 20:14:20, 湿度, 0, rh%
2026-03-02 20:14:20, 二氧化碳, 434, ppm
2026-03-02 20:14:20, 火焰强度, 1, level
2026-03-02 20:14:20, 亮度, 173, lux
2026-03-02 20:14:30, 温度, 16, ℃
2026-03-02 20:14:30, 湿度, 0, rh%
2026-03-02 20:14:30, 二氧化碳, 434, ppm
2026-03-02 20:14:30, 火焰强度, 1, level
2026-03-02 20:14:30, 亮度, 173, lux
2026-03-02 20:14:40, 温度, 0, ℃
2026-03-02 20:14:40, 湿度, 0, rh%
2026-03-02 20:14:40, 二氧化碳, 372, ppm
2026-03-02 20:14:40, 火焰强度, 44210, level
2026-03-02 20:14:40, 亮度, 172, lux
2026-03-02 20:14:50, 温度, 0, ℃
2026-03-02 20:14:50, 湿度, 0, rh%
2026-03-02 20:14:50, 二氧化碳, 372, ppm
2026-03-02 20:14:50, 火焰强度, 44210, level
2026-03-02 20:14:50, 亮度, 172, lux
2026-03-02 20:15:00, 温度, 0, ℃
2026-03-02 20:15:00, 湿度, 0, rh%
2026-03-02 20:15:00, 二氧化碳, 367, ppm
2026-03-02 20:15:00, 火焰强度, 1, level
2026-03-02 20:15:00, 亮度, 177, lux
2026-03-02 20:15:10, 温度, 0, ℃
2026-03-02 20:15:10, 湿度, 0, rh%
2026-03-02 20:15:10, 二氧化碳, 367, ppm
2026-03-02 20:15:10, 火焰强度, 362, level
2026-03-02 20:15:10, 亮度, 177, lux
2026-03-02 20:15:20, 温度, 0, ℃
2026-03-02 20:15:20, 湿度, 0, rh%
2026-03-02 20:15:20, 二氧化碳, 367, ppm
2026-03-02 20:15:20, 火焰强度, 1, level
2026-03-02 20:15:20, 亮度, 177, lux
2026-03-02 20:15:30, 温度, 0, ℃
2026-03-02 20:15:30, 湿度, 0, rh%
2026-03-02 20:15:30, 二氧化碳, 367, ppm
2026-03-02 20:15:30, 火焰强度, 387, level
2026-03-02 20:15:30, 亮度, 177, lux
2026-03-02 20:15:40, 温度, 0, ℃
2026-03-02 20:15:40, 湿度, 0, rh%
2026-03-02 20:15:40, 二氧化碳, 367, ppm
2026-03-02 20:15:40, 火焰强度, 1, level
2026-03-02 20:15:40, 亮度, 177, lux
2026-03-02 20:15:51, 温度, 0, ℃
2026-03-02 20:15:51, 湿度, 0, rh%
2026-03-02 20:15:51, 二氧化碳, 367, ppm
2026-03-02 20:15:51, 火焰强度, 597, level
2026-03-02 20:15:51, 亮度, 177, lux
2026-03-02 20:16:01, 温度, 17, ℃
2026-03-02 20:16:01, 湿度, 0, rh%
2026-03-02 20:16:01, 二氧化碳, 401, ppm
2026-03-02 20:16:01, 火焰强度, 258, level
2026-03-02 20:16:01, 亮度, 173, lux
2026-03-02 20:16:11, 温度, 0, ℃
2026-03-02 20:16:11, 湿度, 0, rh%
2026-03-02 20:16:11, 二氧化碳, 401, ppm
2026-03-02 20:16:11, 火焰强度, 383, level
2026-03-02 20:16:11, 亮度, 173, lux
2026-03-02 20:16:21, 温度, 0, ℃
2026-03-02 20:16:21, 湿度, 0, rh%
2026-03-02 20:16:21, 二氧化碳, 401, ppm
2026-03-02 20:16:21, 火焰强度, 351, level
2026-03-02 20:16:21, 亮度, 173, lux
2026-03-02 20:16:31, 温度, 0, ℃
2026-03-02 20:16:31, 湿度, 0, rh%
2026-03-02 20:16:31, 二氧化碳, 362, ppm
2026-03-02 20:16:31, 火焰强度, 1, level
2026-03-02 20:16:31, 亮度, 172, lux
2026-03-02 20:16:41, 温度, 0, ℃
2026-03-02 20:16:41, 湿度, 0, rh%
2026-03-02 20:16:41, 二氧化碳, 362, ppm
2026-03-02 20:16:41, 火焰强度, 85, level
2026-03-02 20:16:41, 亮度, 172, lux
2026-03-02 20:16:51, 温度, 0, ℃
2026-03-02 20:16:51, 湿度, 0, rh%
2026-03-02 20:16:51, 二氧化碳, 362, ppm
2026-03-02 20:16:51, 火焰强度, 4027, level
2026-03-02 20:16:51, 亮度, 172, lux
2026-03-02 20:17:01, 温度, 0, ℃
2026-03-02 20:17:01, 湿度, 0, rh%
2026-03-02 20:17:01, 二氧化碳, 362, ppm
2026-03-02 20:17:01, 火焰强度, 4027, level
2026-03-02 20:17:01, 亮度, 172, lux
2026-03-02 20:17:11, 温度, 0, ℃
2026-03-02 20:17:11, 湿度, 0, rh%
2026-03-02 20:17:11, 二氧化碳, 362, ppm
2026-03-02 20:17:11, 火焰强度, 4027, level
2026-03-02 20:17:11, 亮度, 172, lux
2026-03-02 20:17:21, 温度, 0, ℃
2026-03-02 20:17:21, 湿度, 0, rh%
2026-03-02 20:17:21, 二氧化碳, 362, ppm
2026-03-02 20:17:21, 火焰强度, 4027, level
2026-03-02 20:17:21, 亮度, 172, lux
2026-03-02 20:17:31, 温度, 0, ℃
2026-03-02 20:17:31, 湿度, 0, rh%
2026-03-02 20:17:31, 二氧化碳, 362, ppm
2026-03-02 20:17:31, 火焰强度, 4027, level
2026-03-02 20:17:31, 亮度, 172, lux
2026-03-02 20:17:41, 温度, 0, ℃
2026-03-02 20:17:41, 湿度, 0, rh%
2026-03-02 20:17:41, 二氧化碳, 387, ppm
2026-03-02 20:17:41, 火焰强度, 1, level
2026-03-02 20:17:41, 亮度, 45397, lux
2026-03-02 20:17:51, 温度, 0, ℃
2026-03-02 20:17:51, 湿度, 49, rh%
2026-03-02 20:17:51, 二氧化碳, 387, ppm
2026-03-02 20:17:51, 火焰强度, 1, level
2026-03-02 20:17:51, 亮度, 45397, lux
2026-03-02 20:18:01, 温度, 0, ℃
2026-03-02 20:18:01, 湿度, 49, rh%
2026-03-02 20:18:01, 二氧化碳, 387, ppm
2026-03-02 20:18:01, 火焰强度, 1, level
2026-03-02 20:18:01, 亮度, 45397, lux
2026-03-02 20:18:11, 温度, 0, ℃
2026-03-02 20:18:11, 湿度, 49, rh%
2026-03-02 20:18:11, 二氧化碳, 387, ppm
2026-03-02 20:18:11, 火焰强度, 1, level
2026-03-02 20:18:11, 亮度, 45397, lux
2026-03-02 20:18:21, 温度, 0, ℃
2026-03-02 20:18:21, 湿度, 49, rh%
2026-03-02 20:18:21, 二氧化碳, 387, ppm
2026-03-02 20:18:21, 火焰强度, 1, level
2026-03-02 20:18:21, 亮度, 45397, lux
2026-03-02 20:18:31, 温度, 0, ℃
2026-03-02 20:18:31, 湿度, 49, rh%
2026-03-02 20:18:31, 二氧化碳, 387, ppm
2026-03-02 20:18:31, 火焰强度, 1, level
2026-03-02 20:18:31, 亮度, 45397, lux
2026-03-02 20:18:41, 温度, 0, ℃
2026-03-02 20:18:41, 湿度, 49, rh%
2026-03-02 20:18:41, 二氧化碳, 387, ppm
2026-03-02 20:18:41, 火焰强度, 39, level
2026-03-02 20:18:41, 亮度, 45397, lux
2026-03-02 20:18:51, 温度, 0, ℃
2026-03-02 20:18:51, 湿度, 49, rh%
2026-03-02 20:18:51, 二氧化碳, 387, ppm
2026-03-02 20:18:51, 火焰强度, 39, level
2026-03-02 20:18:51, 亮度, 45397, lux
2026-03-02 20:19:01, 温度, 0, ℃
2026-03-02 20:19:01, 湿度, 49, rh%
2026-03-02 20:19:01, 二氧化碳, 387, ppm
2026-03-02 20:19:01, 火焰强度, 39, level
2026-03-02 20:19:01, 亮度, 45397, lux
2026-03-02 20:19:11, 温度, 0, ℃
2026-03-02 20:19:11, 湿度, 49, rh%
2026-03-02 20:19:11, 二氧化碳, 387, ppm
2026-03-02 20:19:11, 火焰强度, 39, level
2026-03-02 20:19:11, 亮度, 45397, lux
2026-03-02 20:19:21, 温度, 0, ℃
2026-03-02 20:19:21, 湿度, 49, rh%
2026-03-02 20:19:21, 二氧化碳, 387, ppm
2026-03-02 20:19:21, 火焰强度, 39, level
2026-03-02 20:19:21, 亮度, 45397, lux
2026-03-02 20:19:31, 温度, 0, ℃
2026-03-02 20:19:31, 湿度, 49, rh%
2026-03-02 20:19:31, 二氧化碳, 387, ppm
2026-03-02 20:19:31, 火焰强度, 39, level
2026-03-02 20:19:31, 亮度, 45397, lux
2026-03-02 20:19:41, 温度, 0, ℃
2026-03-02 20:19:41, 湿度, 49, rh%
2026-03-02 20:19:41, 二氧化碳, 387, ppm
2026-03-02 20:19:41, 火焰强度, 39, level
2026-03-02 20:19:41, 亮度, 45397, lux
2026-03-02 20:19:51, 温度, 0, ℃
2026-03-02 20:19:51, 湿度, 49, rh%
2026-03-02 20:19:51, 二氧化碳, 387, ppm
2026-03-02 20:19:51, 火焰强度, 39, level
2026-03-02 20:19:51, 亮度, 45397, lux
2026-03-02 20:20:01, 温度, 0, ℃
2026-03-02 20:20:01, 湿度, 49, rh%
2026-03-02 20:20:01, 二氧化碳, 387, ppm
2026-03-02 20:20:01, 火焰强度, 39, level
2026-03-02 20:20:01, 亮度, 45397, lux
2026-03-02 20:20:11, 温度, 0, ℃
2026-03-02 20:20:11, 湿度, 49, rh%
2026-03-02 20:20:11, 二氧化碳, 387, ppm
2026-03-02 20:20:11, 火焰强度, 39, level
2026-03-02 20:20:11, 亮度, 45397, lux
2026-03-02 20:20:21, 温度, 0, ℃
2026-03-02 20:20:21, 湿度, 49, rh%
2026-03-02 20:20:21, 二氧化碳, 387, ppm
2026-03-02 20:20:21, 火焰强度, 39, level
2026-03-02 20:20:21, 亮度, 45397, lux
2026-03-02 20:20:31, 温度, 0, ℃
2026-03-02 20:20:31, 湿度, 49, rh%
2026-03-02 20:20:31, 二氧化碳, 387, ppm
2026-03-02 20:20:31, 火焰强度, 39, level
2026-03-02 20:20:31, 亮度, 45397, lux
2026-03-02 20:20:41, 温度, 0, ℃
2026-03-02 20:20:41, 湿度, 49, rh%
2026-03-02 20:20:41, 二氧化碳, 387, ppm
2026-03-02 20:20:41, 火焰强度, 40, level
2026-03-02 20:20:41, 亮度, 45397, lux
2026-03-02 20:20:51, 温度, 0, ℃
2026-03-02 20:20:51, 湿度, 49, rh%
2026-03-02 20:20:51, 二氧化碳, 387, ppm
2026-03-02 20:20:51, 火焰强度, 40, level
2026-03-02 20:20:51, 亮度, 45397, lux
2026-03-02 20:21:01, 温度, 0, ℃
2026-03-02 20:21:01, 湿度, 49, rh%
2026-03-02 20:21:01, 二氧化碳, 387, ppm
2026-03-02 20:21:01, 火焰强度, 40, level
2026-03-02 20:21:01, 亮度, 45397, lux
2026-03-02 20:21:11, 温度, 0, ℃
2026-03-02 20:21:11, 湿度, 49, rh%
2026-03-02 20:21:11, 二氧化碳, 387, ppm
2026-03-02 20:21:11, 火焰强度, 40, level
2026-03-02 20:21:11, 亮度, 45397, lux
2026-03-02 20:21:21, 温度, 0, ℃
2026-03-02 20:21:21, 湿度, 49, rh%
2026-03-02 20:21:21, 二氧化碳, 387, ppm
2026-03-02 20:21:21, 火焰强度, 40, level
2026-03-02 20:21:21, 亮度, 45397, lux
2026-03-02 20:21:31, 温度, 0, ℃
2026-03-02 20:21:31, 湿度, 49, rh%
2026-03-02 20:21:31, 二氧化碳, 387, ppm
2026-03-02 20:21:31, 火焰强度, 40, level
2026-03-02 20:21:31, 亮度, 45397, lux
2026-03-02 20:21:41, 温度, 0, ℃
2026-03-02 20:21:41, 湿度, 49, rh%
2026-03-02 20:21:41, 二氧化碳, 387, ppm
2026-03-02 20:21:41, 火焰强度, 40, level
2026-03-02 20:21:41, 亮度, 45397, lux
2026-03-02 20:21:51, 温度, 0, ℃
2026-03-02 20:21:51, 湿度, 49, rh%
2026-03-02 20:21:51, 二氧化碳, 387, ppm
2026-03-02 20:21:51, 火焰强度, 40, level
2026-03-02 20:21:51, 亮度, 45397, lux
2026-03-02 20:22:01, 温度, 0, ℃
2026-03-02 20:22:01, 湿度, 49, rh%
2026-03-02 20:22:01, 二氧化碳, 387, ppm
2026-03-02 20:22:01, 火焰强度, 40, level
2026-03-02 20:22:01, 亮度, 45397, lux
2026-03-02 20:22:11, 温度, 0, ℃
2026-03-02 20:22:11, 湿度, 49, rh%
2026-03-02 20:22:11, 二氧化碳, 387, ppm
2026-03-02 20:22:11, 火焰强度, 1, level
2026-03-02 20:22:11, 亮度, 45397, lux
2026-03-02 20:22:21, 温度, 0, ℃
2026-03-02 20:22:21, 湿度, 49, rh%
2026-03-02 20:22:21, 二氧化碳, 387, ppm
2026-03-02 20:22:21, 火焰强度, 1, level
2026-03-02 20:22:21, 亮度, 45397, lux
2026-03-02 20:22:31, 温度, 0, ℃
2026-03-02 20:22:31, 湿度, 49, rh%
2026-03-02 20:22:31, 二氧化碳, 387, ppm
2026-03-02 20:22:31, 火焰强度, 1, level
2026-03-02 20:22:31, 亮度, 45397, lux
2026-03-02 20:22:41, 温度, 0, ℃
2026-03-02 20:22:41, 湿度, 49, rh%
2026-03-02 20:22:41, 二氧化碳, 387, ppm
2026-03-02 20:22:41, 火焰强度, 1, level
2026-03-02 20:22:41, 亮度, 45397, lux
2026-03-02 20:22:51, 温度, 0, ℃
2026-03-02 20:22:51, 湿度, 49, rh%
2026-03-02 20:22:51, 二氧化碳, 387, ppm
2026-03-02 20:22:51, 火焰强度, 1, level
2026-03-02 20:22:51, 亮度, 45397, lux
2026-03-02 20:23:01, 温度, 0, ℃
2026-03-02 20:23:01, 湿度, 49, rh%
2026-03-02 20:23:01, 二氧化碳, 387, ppm
2026-03-02 20:23:01, 火焰强度, 1, level
2026-03-02 20:23:01, 亮度, 45397, lux
2026-03-02 20:23:11, 温度, 0, ℃
2026-03-02 20:23:11, 湿度, 49, rh%
2026-03-02 20:23:11, 二氧化碳, 387, ppm
2026-03-02 20:23:11, 火焰强度, 1, level
2026-03-02 20:23:11, 亮度, 45397, lux
2026-03-02 20:23:21, 温度, 0, ℃
2026-03-02 20:23:21, 湿度, 49, rh%
2026-03-02 20:23:21, 二氧化碳, 387, ppm
2026-03-02 20:23:21, 火焰强度, 1, level
2026-03-02 20:23:21, 亮度, 45397, lux
2026-03-02 20:23:31, 温度, 0, ℃
2026-03-02 20:23:31, 湿度, 49, rh%
2026-03-02 20:23:31, 二氧化碳, 387, ppm
2026-03-02 20:23:31, 火焰强度, 1, level
2026-03-02 20:23:31, 亮度, 45397, lux
2026-03-02 20:23:41, 温度, 0, ℃
2026-03-02 20:23:41, 湿度, 49, rh%
2026-03-02 20:23:41, 二氧化碳, 387, ppm
2026-03-02 20:23:41, 火焰强度, 1, level
2026-03-02 20:23:41, 亮度, 45397, lux
2026-03-02 20:23:51, 温度, 0, ℃
2026-03-02 20:23:51, 湿度, 49, rh%
2026-03-02 20:23:51, 二氧化碳, 387, ppm
2026-03-02 20:23:51, 火焰强度, 1, level
2026-03-02 20:23:51, 亮度, 45397, lux
2026-03-02 20:24:01, 温度, 0, ℃
2026-03-02 20:24:01, 湿度, 49, rh%
2026-03-02 20:24:01, 二氧化碳, 387, ppm
2026-03-02 20:24:01, 火焰强度, 1, level
2026-03-02 20:24:01, 亮度, 45397, lux
2026-03-02 20:24:11, 温度, 0, ℃
2026-03-02 20:24:11, 湿度, 49, rh%
2026-03-02 20:24:11, 二氧化碳, 387, ppm
2026-03-02 20:24:11, 火焰强度, 1, level
2026-03-02 20:24:11, 亮度, 45397, lux
2026-03-02 20:24:21, 温度, 0, ℃
2026-03-02 20:24:21, 湿度, 49, rh%
2026-03-02 20:24:21, 二氧化碳, 387, ppm
2026-03-02 20:24:21, 火焰强度, 1, level
2026-03-02 20:24:21, 亮度, 45397, lux
2026-03-02 20:24:31, 温度, 0, ℃
2026-03-02 20:24:31, 湿度, 49, rh%
2026-03-02 20:24:31, 二氧化碳, 387, ppm
2026-03-02 20:24:31, 火焰强度, 34, level
2026-03-02 20:24:31, 亮度, 45397, lux
2026-03-02 20:24:42, 温度, 0, ℃
2026-03-02 20:24:42, 湿度, 49, rh%
2026-03-02 20:24:42, 二氧化碳, 387, ppm
2026-03-02 20:24:42, 火焰强度, 9301, level
2026-03-02 20:24:42, 亮度, 45397, lux
2026-03-02 20:24:52, 温度, 0, ℃
2026-03-02 20:24:52, 湿度, 49, rh%
2026-03-02 20:24:52, 二氧化碳, 387, ppm
2026-03-02 20:24:52, 火焰强度, 1, level
2026-03-02 20:24:52, 亮度, 45397, lux
2026-03-02 20:25:02, 温度, 0, ℃
2026-03-02 20:25:02, 湿度, 49, rh%
2026-03-02 20:25:02, 二氧化碳, 387, ppm
2026-03-02 20:25:02, 火焰强度, 1, level
2026-03-02 20:25:02, 亮度, 45397, lux
2026-03-02 20:25:12, 温度, 0, ℃
2026-03-02 20:25:12, 湿度, 49, rh%
2026-03-02 20:25:12, 二氧化碳, 387, ppm
2026-03-02 20:25:12, 火焰强度, 1, level
2026-03-02 20:25:12, 亮度, 45397, lux
2026-03-02 20:25:22, 温度, 0, ℃
2026-03-02 20:25:22, 湿度, 49, rh%
2026-03-02 20:25:22, 二氧化碳, 387, ppm
2026-03-02 20:25:22, 火焰强度, 1, level
2026-03-02 20:25:22, 亮度, 45397, lux
2026-03-02 20:25:32, 温度, 0, ℃
2026-03-02 20:25:32, 湿度, 49, rh%
2026-03-02 20:25:32, 二氧化碳, 387, ppm
2026-03-02 20:25:32, 火焰强度, 1, level
2026-03-02 20:25:32, 亮度, 45397, lux
2026-03-02 20:25:42, 温度, 0, ℃
2026-03-02 20:25:42, 湿度, 49, rh%
2026-03-02 20:25:42, 二氧化碳, 387, ppm
2026-03-02 20:25:42, 火焰强度, 1, level
2026-03-02 20:25:42, 亮度, 45397, lux
2026-03-02 20:25:52, 温度, 0, ℃
2026-03-02 20:25:52, 湿度, 49, rh%
2026-03-02 20:25:52, 二氧化碳, 387, ppm
2026-03-02 20:25:52, 火焰强度, 1, level
2026-03-02 20:25:52, 亮度, 45397, lux
2026-03-02 20:26:02, 温度, 0, ℃
2026-03-02 20:26:02, 湿度, 49, rh%
2026-03-02 20:26:02, 二氧化碳, 387, ppm
2026-03-02 20:26:02, 火焰强度, 1, level
2026-03-02 20:26:02, 亮度, 45397, lux
2026-03-02 20:26:12, 温度, 0, ℃
2026-03-02 20:26:12, 湿度, 49, rh%
2026-03-02 20:26:12, 二氧化碳, 387, ppm
2026-03-02 20:26:12, 火焰强度, 1, level
2026-03-02 20:26:12, 亮度, 45397, lux
2026-03-02 20:26:22, 温度, 0, ℃
2026-03-02 20:26:22, 湿度, 49, rh%
2026-03-02 20:26:22, 二氧化碳, 387, ppm
2026-03-02 20:26:22, 火焰强度, 1, level
2026-03-02 20:26:22, 亮度, 45397, lux
2026-03-02 20:26:32, 温度, 0, ℃
2026-03-02 20:26:32, 湿度, 49, rh%
2026-03-02 20:26:32, 二氧化碳, 387, ppm
2026-03-02 20:26:32, 火焰强度, 1, level
2026-03-02 20:26:32, 亮度, 45397, lux
2026-03-02 20:26:42, 温度, 0, ℃
2026-03-02 20:26:42, 湿度, 49, rh%
2026-03-02 20:26:42, 二氧化碳, 387, ppm
2026-03-02 20:26:42, 火焰强度, 1, level
2026-03-02 20:26:42, 亮度, 45397, lux
2026-03-02 20:26:52, 温度, 0, ℃
2026-03-02 20:26:52, 湿度, 49, rh%
2026-03-02 20:26:52, 二氧化碳, 387, ppm
2026-03-02 20:26:52, 火焰强度, 1, level
2026-03-02 20:26:52, 亮度, 45397, lux
2026-03-02 20:27:02, 温度, 0, ℃
2026-03-02 20:27:02, 湿度, 49, rh%
2026-03-02 20:27:02, 二氧化碳, 387, ppm
2026-03-02 20:27:02, 火焰强度, 1, level
2026-03-02 20:27:02, 亮度, 45397, lux
2026-03-02 20:27:12, 温度, 0, ℃
2026-03-02 20:27:12, 湿度, 49, rh%
2026-03-02 20:27:12, 二氧化碳, 387, ppm
2026-03-02 20:27:12, 火焰强度, 1, level
2026-03-02 20:27:12, 亮度, 45397, lux
2026-03-02 20:27:22, 温度, 0, ℃
2026-03-02 20:27:22, 湿度, 49, rh%
2026-03-02 20:27:22, 二氧化碳, 387, ppm
2026-03-02 20:27:22, 火焰强度, 1, level
2026-03-02 20:27:22, 亮度, 45397, lux
2026-03-02 20:27:32, 温度, 0, ℃
2026-03-02 20:27:32, 湿度, 49, rh%
2026-03-02 20:27:32, 二氧化碳, 387, ppm
2026-03-02 20:27:32, 火焰强度, 1, level
2026-03-02 20:27:32, 亮度, 45397, lux
2026-03-02 20:27:42, 温度, 0, ℃
2026-03-02 20:27:42, 湿度, 49, rh%
2026-03-02 20:27:42, 二氧化碳, 387, ppm
2026-03-02 20:27:42, 火焰强度, 1, level
2026-03-02 20:27:42, 亮度, 45397, lux
2026-03-02 20:27:52, 温度, 0, ℃
2026-03-02 20:27:52, 湿度, 49, rh%
2026-03-02 20:27:52, 二氧化碳, 387, ppm
2026-03-02 20:27:52, 火焰强度, 1, level
2026-03-02 20:27:52, 亮度, 45397, lux
2026-03-02 20:28:02, 温度, 0, ℃
2026-03-02 20:28:02, 湿度, 49, rh%
2026-03-02 20:28:02, 二氧化碳, 387, ppm
2026-03-02 20:28:02, 火焰强度, 1, level
2026-03-02 20:28:02, 亮度, 45397, lux
2026-03-02 20:28:12, 温度, 0, ℃
2026-03-02 20:28:12, 湿度, 49, rh%
2026-03-02 20:28:12, 二氧化碳, 387, ppm
2026-03-02 20:28:12, 火焰强度, 1, level
2026-03-02 20:28:12, 亮度, 45397, lux
2026-03-02 20:28:22, 温度, 0, ℃
2026-03-02 20:28:22, 湿度, 49, rh%
2026-03-02 20:28:22, 二氧化碳, 387, ppm
2026-03-02 20:28:22, 火焰强度, 1, level
2026-03-02 20:28:22, 亮度, 45397, lux
2026-03-02 20:28:32, 温度, 0, ℃
2026-03-02 20:28:32, 湿度, 49, rh%
2026-03-02 20:28:32, 二氧化碳, 387, ppm
2026-03-02 20:28:32, 火焰强度, 1, level
2026-03-02 20:28:32, 亮度, 45397, lux
2026-03-02 20:28:42, 温度, 0, ℃
2026-03-02 20:28:42, 湿度, 49, rh%
2026-03-02 20:28:42, 二氧化碳, 387, ppm
2026-03-02 20:28:42, 火焰强度, 1, level
2026-03-02 20:28:42, 亮度, 45397, lux
2026-03-02 20:28:52, 温度, 0, ℃
2026-03-02 20:28:52, 湿度, 49, rh%
2026-03-02 20:28:52, 二氧化碳, 387, ppm
2026-03-02 20:28:52, 火焰强度, 1, level
2026-03-02 20:28:52, 亮度, 45397, lux
2026-03-02 20:29:02, 温度, 0, ℃
2026-03-02 20:29:02, 湿度, 49, rh%
2026-03-02 20:29:02, 二氧化碳, 387, ppm
2026-03-02 20:29:02, 火焰强度, 1, level
2026-03-02 20:29:02, 亮度, 45397, lux
2026-03-02 20:29:12, 温度, 0, ℃
2026-03-02 20:29:12, 湿度, 49, rh%
2026-03-02 20:29:12, 二氧化碳, 387, ppm
2026-03-02 20:29:12, 火焰强度, 1, level
2026-03-02 20:29:12, 亮度, 45397, lux
2026-03-02 20:29:23, 温度, 0, ℃
2026-03-02 20:29:23, 湿度, 49, rh%
2026-03-02 20:29:23, 二氧化碳, 387, ppm
2026-03-02 20:29:23, 火焰强度, 1, level
2026-03-02 20:29:23, 亮度, 45397, lux
2026-03-02 20:29:33, 温度, 0, ℃
2026-03-02 20:29:33, 湿度, 49, rh%
2026-03-02 20:29:33, 二氧化碳, 387, ppm
2026-03-02 20:29:33, 火焰强度, 1, level
2026-03-02 20:29:33, 亮度, 45397, lux
2026-03-02 20:29:43, 温度, 0, ℃
2026-03-02 20:29:43, 湿度, 49, rh%
2026-03-02 20:29:43, 二氧化碳, 387, ppm
2026-03-02 20:29:43, 火焰强度, 1, level
2026-03-02 20:29:43, 亮度, 45397, lux
2026-03-02 20:29:53, 温度, 0, ℃
2026-03-02 20:29:53, 湿度, 49, rh%
2026-03-02 20:29:53, 二氧化碳, 387, ppm
2026-03-02 20:29:53, 火焰强度, 1, level
2026-03-02 20:29:53, 亮度, 45397, lux
2026-03-02 20:30:03, 温度, 0, ℃
2026-03-02 20:30:03, 湿度, 49, rh%
2026-03-02 20:30:03, 二氧化碳, 387, ppm
2026-03-02 20:30:03, 火焰强度, 1, level
2026-03-02 20:30:03, 亮度, 45397, lux
2026-03-02 20:30:13, 温度, 0, ℃
2026-03-02 20:30:13, 湿度, 49, rh%
2026-03-02 20:30:13, 二氧化碳, 387, ppm
2026-03-02 20:30:13, 火焰强度, 1, level
2026-03-02 20:30:13, 亮度, 45397, lux
2026-03-02 20:30:23, 温度, 0, ℃
2026-03-02 20:30:23, 湿度, 49, rh%
2026-03-02 20:30:23, 二氧化碳, 387, ppm
2026-03-02 20:30:23, 火焰强度, 1, level
2026-03-02 20:30:23, 亮度, 45397, lux
2026-03-02 20:30:33, 温度, 0, ℃
2026-03-02 20:30:33, 湿度, 49, rh%
2026-03-02 20:30:33, 二氧化碳, 387, ppm
2026-03-02 20:30:33, 火焰强度, 1, level
2026-03-02 20:30:33, 亮度, 45397, lux
2026-03-02 20:30:43, 温度, 0, ℃
2026-03-02 20:30:43, 湿度, 49, rh%
2026-03-02 20:30:43, 二氧化碳, 387, ppm
2026-03-02 20:30:43, 火焰强度, 1, level
2026-03-02 20:30:43, 亮度, 45397, lux
2026-03-02 20:30:53, 温度, 0, ℃
2026-03-02 20:30:53, 湿度, 49, rh%
2026-03-02 20:30:53, 二氧化碳, 387, ppm
2026-03-02 20:30:53, 火焰强度, 1, level
2026-03-02 20:30:53, 亮度, 45397, lux
2026-03-02 20:31:03, 温度, 0, ℃
2026-03-02 20:31:03, 湿度, 49, rh%
2026-03-02 20:31:03, 二氧化碳, 387, ppm
2026-03-02 20:31:03, 火焰强度, 1, level
2026-03-02 20:31:03, 亮度, 45397, lux
2026-03-02 20:31:13, 温度, 0, ℃
2026-03-02 20:31:13, 湿度, 49, rh%
2026-03-02 20:31:13, 二氧化碳, 387, ppm
2026-03-02 20:31:13, 火焰强度, 1, level
2026-03-02 20:31:13, 亮度, 45397, lux
2026-03-02 20:31:23, 温度, 0, ℃
2026-03-02 20:31:23, 湿度, 49, rh%
2026-03-02 20:31:23, 二氧化碳, 387, ppm
2026-03-02 20:31:23, 火焰强度, 1, level
2026-03-02 20:31:23, 亮度, 45397, lux
2026-03-02 20:31:33, 温度, 0, ℃
2026-03-02 20:31:33, 湿度, 49, rh%
2026-03-02 20:31:33, 二氧化碳, 387, ppm
2026-03-02 20:31:33, 火焰强度, 1, level
2026-03-02 20:31:33, 亮度, 45397, lux
2026-03-02 20:31:43, 温度, 0, ℃
2026-03-02 20:31:43, 湿度, 49, rh%
2026-03-02 20:31:43, 二氧化碳, 387, ppm
2026-03-02 20:31:43, 火焰强度, 1, level
2026-03-02 20:31:43, 亮度, 45397, lux
2026-03-02 20:31:53, 温度, 0, ℃
2026-03-02 20:31:53, 湿度, 49, rh%
2026-03-02 20:31:53, 二氧化碳, 387, ppm
2026-03-02 20:31:53, 火焰强度, 1, level
2026-03-02 20:31:53, 亮度, 45397, lux
2026-03-02 20:32:03, 温度, 0, ℃
2026-03-02 20:32:03, 湿度, 49, rh%
2026-03-02 20:32:03, 二氧化碳, 387, ppm
2026-03-02 20:32:03, 火焰强度, 1, level
2026-03-02 20:32:03, 亮度, 45397, lux
2026-03-02 20:32:13, 温度, 0, ℃
2026-03-02 20:32:13, 湿度, 49, rh%
2026-03-02 20:32:13, 二氧化碳, 387, ppm
2026-03-02 20:32:13, 火焰强度, 1, level
2026-03-02 20:32:13, 亮度, 45397, lux
2026-03-02 20:32:23, 温度, 0, ℃
2026-03-02 20:32:23, 湿度, 49, rh%
2026-03-02 20:32:23, 二氧化碳, 387, ppm
2026-03-02 20:32:23, 火焰强度, 1, level
2026-03-02 20:32:23, 亮度, 45397, lux
2026-03-02 20:32:33, 温度, 0, ℃
2026-03-02 20:32:33, 湿度, 49, rh%
2026-03-02 20:32:33, 二氧化碳, 387, ppm
2026-03-02 20:32:33, 火焰强度, 1, level
2026-03-02 20:32:33, 亮度, 45397, lux
2026-03-02 20:32:43, 温度, 0, ℃
2026-03-02 20:32:43, 湿度, 49, rh%
2026-03-02 20:32:43, 二氧化碳, 387, ppm
2026-03-02 20:32:43, 火焰强度, 1, level
2026-03-02 20:32:43, 亮度, 45397, lux
2026-03-02 20:32:53, 温度, 0, ℃
2026-03-02 20:32:53, 湿度, 49, rh%
2026-03-02 20:32:53, 二氧化碳, 387, ppm
2026-03-02 20:32:53, 火焰强度, 1, level
2026-03-02 20:32:53, 亮度, 45397, lux
2026-03-02 20:33:03, 温度, 0, ℃
2026-03-02 20:33:03, 湿度, 49, rh%
2026-03-02 20:33:03, 二氧化碳, 387, ppm
2026-03-02 20:33:03, 火焰强度, 1, level
2026-03-02 20:33:03, 亮度, 45397, lux
2026-03-02 20:33:13, 温度, 0, ℃
2026-03-02 20:33:13, 湿度, 49, rh%
2026-03-02 20:33:13, 二氧化碳, 387, ppm
2026-03-02 20:33:13, 火焰强度, 1, level
2026-03-02 20:33:13, 亮度, 45397, lux
2026-03-02 20:33:23, 温度, 0, ℃
2026-03-02 20:33:23, 湿度, 49, rh%
2026-03-02 20:33:23, 二氧化碳, 387, ppm
2026-03-02 20:33:23, 火焰强度, 1, level
2026-03-02 20:33:23, 亮度, 45397, lux
2026-03-02 20:33:33, 温度, 0, ℃
2026-03-02 20:33:33, 湿度, 49, rh%
2026-03-02 20:33:33, 二氧化碳, 387, ppm
2026-03-02 20:33:33, 火焰强度, 1, level
2026-03-02 20:33:33, 亮度, 45397, lux
2026-03-02 20:33:43, 温度, 0, ℃
2026-03-02 20:33:43, 湿度, 49, rh%
2026-03-02 20:33:43, 二氧化碳, 387, ppm
2026-03-02 20:33:43, 火焰强度, 1, level
2026-03-02 20:33:43, 亮度, 45397, lux
2026-03-02 20:33:53, 温度, 0, ℃
2026-03-02 20:33:53, 湿度, 49, rh%
2026-03-02 20:33:53, 二氧化碳, 387, ppm
2026-03-02 20:33:53, 火焰强度, 1, level
2026-03-02 20:33:53, 亮度, 45397, lux
2026-03-02 20:34:04, 温度, 0, ℃
2026-03-02 20:34:04, 湿度, 49, rh%
2026-03-02 20:34:04, 二氧化碳, 387, ppm
2026-03-02 20:34:04, 火焰强度, 1, level
2026-03-02 20:34:04, 亮度, 45397, lux
2026-03-02 20:34:14, 温度, 0, ℃
2026-03-02 20:34:14, 湿度, 49, rh%
2026-03-02 20:34:14, 二氧化碳, 387, ppm
2026-03-02 20:34:14, 火焰强度, 1, level
2026-03-02 20:34:14, 亮度, 45397, lux
2026-03-02 20:34:24, 温度, 0, ℃
2026-03-02 20:34:24, 湿度, 49, rh%
2026-03-02 20:34:24, 二氧化碳, 387, ppm
2026-03-02 20:34:24, 火焰强度, 1, level
2026-03-02 20:34:24, 亮度, 45397, lux
2026-03-02 20:34:34, 温度, 0, ℃
2026-03-02 20:34:34, 湿度, 49, rh%
2026-03-02 20:34:34, 二氧化碳, 387, ppm
2026-03-02 20:34:34, 火焰强度, 1, level
2026-03-02 20:34:34, 亮度, 45397, lux
2026-03-02 20:34:44, 温度, 0, ℃
2026-03-02 20:34:44, 湿度, 49, rh%
2026-03-02 20:34:44, 二氧化碳, 387, ppm
2026-03-02 20:34:44, 火焰强度, 1, level
2026-03-02 20:34:44, 亮度, 45397, lux
2026-03-02 20:34:54, 温度, 0, ℃
2026-03-02 20:34:54, 湿度, 49, rh%
2026-03-02 20:34:54, 二氧化碳, 387, ppm
2026-03-02 20:34:54, 火焰强度, 1, level
2026-03-02 20:34:54, 亮度, 45397, lux
2026-03-02 20:35:04, 温度, 0, ℃
2026-03-02 20:35:04, 湿度, 49, rh%
2026-03-02 20:35:04, 二氧化碳, 387, ppm
2026-03-02 20:35:04, 火焰强度, 1, level
2026-03-02 20:35:04, 亮度, 45397, lux
2026-03-02 20:35:14, 温度, 0, ℃
2026-03-02 20:35:14, 湿度, 49, rh%
2026-03-02 20:35:14, 二氧化碳, 387, ppm
2026-03-02 20:35:14, 火焰强度, 1, level
2026-03-02 20:35:14, 亮度, 45397, lux
2026-03-02 20:35:24, 温度, 0, ℃
2026-03-02 20:35:24, 湿度, 49, rh%
2026-03-02 20:35:24, 二氧化碳, 387, ppm
2026-03-02 20:35:24, 火焰强度, 1, level
2026-03-02 20:35:24, 亮度, 45397, lux
2026-03-02 20:35:34, 温度, 0, ℃
2026-03-02 20:35:34, 湿度, 49, rh%
2026-03-02 20:35:34, 二氧化碳, 387, ppm
2026-03-02 20:35:34, 火焰强度, 1, level
2026-03-02 20:35:34, 亮度, 45397, lux
2026-03-02 20:35:44, 温度, 0, ℃
2026-03-02 20:35:44, 湿度, 49, rh%
2026-03-02 20:35:44, 二氧化碳, 387, ppm
2026-03-02 20:35:44, 火焰强度, 1, level
2026-03-02 20:35:44, 亮度, 45397, lux
2026-03-02 20:35:54, 温度, 0, ℃
2026-03-02 20:35:54, 湿度, 49, rh%
2026-03-02 20:35:54, 二氧化碳, 387, ppm
2026-03-02 20:35:54, 火焰强度, 1, level
2026-03-02 20:35:54, 亮度, 45397, lux
2026-03-02 20:36:04, 温度, 0, ℃
2026-03-02 20:36:04, 湿度, 49, rh%
2026-03-02 20:36:04, 二氧化碳, 387, ppm
2026-03-02 20:36:04, 火焰强度, 1, level
2026-03-02 20:36:04, 亮度, 45397, lux
2026-03-02 20:36:14, 温度, 0, ℃
2026-03-02 20:36:14, 湿度, 49, rh%
2026-03-02 20:36:14, 二氧化碳, 387, ppm
2026-03-02 20:36:14, 火焰强度, 1, level
2026-03-02 20:36:14, 亮度, 45397, lux
2026-03-02 20:36:24, 温度, 0, ℃
2026-03-02 20:36:24, 湿度, 49, rh%
2026-03-02 20:36:24, 二氧化碳, 387, ppm
2026-03-02 20:36:24, 火焰强度, 1, level
2026-03-02 20:36:24, 亮度, 45397, lux
2026-03-02 20:36:34, 温度, 0, ℃
2026-03-02 20:36:34, 湿度, 49, rh%
2026-03-02 20:36:34, 二氧化碳, 387, ppm
2026-03-02 20:36:34, 火焰强度, 1, level
2026-03-02 20:36:34, 亮度, 45397, lux
2026-03-02 20:36:44, 温度, 0, ℃
2026-03-02 20:36:44, 湿度, 49, rh%
2026-03-02 20:36:44, 二氧化碳, 387, ppm
2026-03-02 20:36:44, 火焰强度, 1, level
2026-03-02 20:36:44, 亮度, 45397, lux
2026-03-02 20:36:54, 温度, 0, ℃
2026-03-02 20:36:54, 湿度, 49, rh%
2026-03-02 20:36:54, 二氧化碳, 387, ppm
2026-03-02 20:36:54, 火焰强度, 1, level
2026-03-02 20:36:54, 亮度, 45397, lux
2026-03-02 20:37:04, 温度, 0, ℃
2026-03-02 20:37:04, 湿度, 49, rh%
2026-03-02 20:37:04, 二氧化碳, 387, ppm
2026-03-02 20:37:04, 火焰强度, 1, level
2026-03-02 20:37:04, 亮度, 45397, lux
2026-03-02 20:37:14, 温度, 0, ℃
2026-03-02 20:37:14, 湿度, 49, rh%
2026-03-02 20:37:14, 二氧化碳, 387, ppm
2026-03-02 20:37:14, 火焰强度, 1, level
2026-03-02 20:37:14, 亮度, 45397, lux
2026-03-02 20:37:24, 温度, 0, ℃
2026-03-02 20:37:24, 湿度, 49, rh%
2026-03-02 20:37:24, 二氧化碳, 387, ppm
2026-03-02 20:37:24, 火焰强度, 1, level
2026-03-02 20:37:24, 亮度, 45397, lux
2026-03-02 20:37:34, 温度, 0, ℃
2026-03-02 20:37:34, 湿度, 49, rh%
2026-03-02 20:37:34, 二氧化碳, 387, ppm
2026-03-02 20:37:34, 火焰强度, 1, level
2026-03-02 20:37:34, 亮度, 45397, lux
2026-03-02 20:37:44, 温度, 0, ℃
2026-03-02 20:37:44, 湿度, 49, rh%
2026-03-02 20:37:44, 二氧化碳, 387, ppm
2026-03-02 20:37:44, 火焰强度, 1, level
2026-03-02 20:37:44, 亮度, 45397, lux
2026-03-02 20:37:54, 温度, 0, ℃
2026-03-02 20:37:54, 湿度, 49, rh%
2026-03-02 20:37:54, 二氧化碳, 387, ppm
2026-03-02 20:37:54, 火焰强度, 1, level
2026-03-02 20:37:54, 亮度, 45397, lux
2026-03-02 20:38:04, 温度, 0, ℃
2026-03-02 20:38:04, 湿度, 49, rh%
2026-03-02 20:38:04, 二氧化碳, 387, ppm
2026-03-02 20:38:04, 火焰强度, 1, level
2026-03-02 20:38:04, 亮度, 45397, lux
2026-03-02 20:38:15, 温度, 0, ℃
2026-03-02 20:38:15, 湿度, 49, rh%
2026-03-02 20:38:15, 二氧化碳, 387, ppm
2026-03-02 20:38:15, 火焰强度, 1, level
2026-03-02 20:38:15, 亮度, 45397, lux
2026-03-02 20:38:25, 温度, 0, ℃
2026-03-02 20:38:25, 湿度, 49, rh%
2026-03-02 20:38:25, 二氧化碳, 387, ppm
2026-03-02 20:38:25, 火焰强度, 1, level
2026-03-02 20:38:25, 亮度, 45397, lux
2026-03-02 20:38:35, 温度, 0, ℃
2026-03-02 20:38:35, 湿度, 49, rh%
2026-03-02 20:38:35, 二氧化碳, 387, ppm
2026-03-02 20:38:35, 火焰强度, 1, level
2026-03-02 20:38:35, 亮度, 45397, lux
2026-03-02 20:38:45, 温度, 0, ℃
2026-03-02 20:38:45, 湿度, 49, rh%
2026-03-02 20:38:45, 二氧化碳, 387, ppm
2026-03-02 20:38:45, 火焰强度, 1, level
2026-03-02 20:38:45, 亮度, 45397, lux
2026-03-02 20:38:55, 温度, 0, ℃
2026-03-02 20:38:55, 湿度, 49, rh%
2026-03-02 20:38:55, 二氧化碳, 387, ppm
2026-03-02 20:38:55, 火焰强度, 1, level
2026-03-02 20:38:55, 亮度, 45397, lux
2026-03-02 20:39:05, 温度, 0, ℃
2026-03-02 20:39:05, 湿度, 49, rh%
2026-03-02 20:39:05, 二氧化碳, 387, ppm
2026-03-02 20:39:05, 火焰强度, 1, level
2026-03-02 20:39:05, 亮度, 45397, lux
2026-03-02 20:39:15, 温度, 0, ℃
2026-03-02 20:39:15, 湿度, 49, rh%
2026-03-02 20:39:15, 二氧化碳, 387, ppm
2026-03-02 20:39:15, 火焰强度, 1, level
2026-03-02 20:39:15, 亮度, 45397, lux
2026-03-02 20:39:25, 温度, 0, ℃
2026-03-02 20:39:25, 湿度, 49, rh%
2026-03-02 20:39:25, 二氧化碳, 387, ppm
2026-03-02 20:39:25, 火焰强度, 1, level
2026-03-02 20:39:25, 亮度, 45397, lux
2026-03-02 20:39:35, 温度, 0, ℃
2026-03-02 20:39:35, 湿度, 49, rh%
2026-03-02 20:39:35, 二氧化碳, 387, ppm
2026-03-02 20:39:35, 火焰强度, 1, level
2026-03-02 20:39:35, 亮度, 45397, lux
2026-03-02 20:39:45, 温度, 0, ℃
2026-03-02 20:39:45, 湿度, 49, rh%
2026-03-02 20:39:45, 二氧化碳, 387, ppm
2026-03-02 20:39:45, 火焰强度, 1, level
2026-03-02 20:39:45, 亮度, 45397, lux
2026-03-02 20:39:55, 温度, 0, ℃
2026-03-02 20:39:55, 湿度, 49, rh%
2026-03-02 20:39:55, 二氧化碳, 387, ppm
2026-03-02 20:39:55, 火焰强度, 1, level
2026-03-02 20:39:55, 亮度, 45397, lux
2026-03-02 20:40:05, 温度, 0, ℃
2026-03-02 20:40:05, 湿度, 49, rh%
2026-03-02 20:40:05, 二氧化碳, 387, ppm
2026-03-02 20:40:05, 火焰强度, 1, level
2026-03-02 20:40:05, 亮度, 45397, lux
2026-03-02 20:40:15, 温度, 0, ℃
2026-03-02 20:40:15, 湿度, 49, rh%
2026-03-02 20:40:15, 二氧化碳, 387, ppm
2026-03-02 20:40:15, 火焰强度, 1, level
2026-03-02 20:40:15, 亮度, 45397, lux
2026-03-02 20:40:25, 温度, 0, ℃
2026-03-02 20:40:25, 湿度, 49, rh%
2026-03-02 20:40:25, 二氧化碳, 387, ppm
2026-03-02 20:40:25, 火焰强度, 1, level
2026-03-02 20:40:25, 亮度, 45397, lux
2026-03-02 20:40:35, 温度, 0, ℃
2026-03-02 20:40:35, 湿度, 49, rh%
2026-03-02 20:40:35, 二氧化碳, 387, ppm
2026-03-02 20:40:35, 火焰强度, 1, level
2026-03-02 20:40:35, 亮度, 45397, lux
2026-03-02 20:40:45, 温度, 0, ℃
2026-03-02 20:40:45, 湿度, 49, rh%
2026-03-02 20:40:45, 二氧化碳, 387, ppm
2026-03-02 20:40:45, 火焰强度, 1, level
2026-03-02 20:40:45, 亮度, 45397, lux
2026-03-02 21:10:14, 温度, 0, ℃
2026-03-02 21:10:14, 湿度, 49, rh%
2026-03-02 21:10:14, 二氧化碳, 387, ppm
2026-03-02 21:10:14, 火焰强度, 1, level
2026-03-02 21:10:14, 亮度, 45397, lux
2026-03-02 21:10:24, 温度, 0, ℃
2026-03-02 21:10:24, 湿度, 49, rh%
2026-03-02 21:10:24, 二氧化碳, 387, ppm
2026-03-02 21:10:24, 火焰强度, 1, level
2026-03-02 21:10:24, 亮度, 45397, lux
2026-03-02 21:10:34, 温度, 0, ℃
2026-03-02 21:10:34, 湿度, 49, rh%
2026-03-02 21:10:34, 二氧化碳, 387, ppm
2026-03-02 21:10:34, 火焰强度, 1, level
2026-03-02 21:10:34, 亮度, 45397, lux
2026-03-02 21:10:44, 温度, 0, ℃
2026-03-02 21:10:44, 湿度, 49, rh%
2026-03-02 21:10:44, 二氧化碳, 387, ppm
2026-03-02 21:10:44, 火焰强度, 1, level
2026-03-02 21:10:44, 亮度, 45397, lux
2026-03-02 21:10:54, 温度, 0, ℃
2026-03-02 21:10:54, 湿度, 49, rh%
2026-03-02 21:10:54, 二氧化碳, 387, ppm
2026-03-02 21:10:54, 火焰强度, 1, level
2026-03-02 21:10:54, 亮度, 45397, lux
2026-03-02 21:11:04, 温度, 0, ℃
2026-03-02 21:11:04, 湿度, 49, rh%
2026-03-02 21:11:04, 二氧化碳, 387, ppm
2026-03-02 21:11:04, 火焰强度, 1, level
2026-03-02 21:11:04, 亮度, 45397, lux
2026-03-02 21:11:14, 温度, 0, ℃
2026-03-02 21:11:14, 湿度, 49, rh%
2026-03-02 21:11:14, 二氧化碳, 387, ppm
2026-03-02 21:11:14, 火焰强度, 1, level
2026-03-02 21:11:14, 亮度, 45397, lux
2026-03-02 21:11:24, 温度, 0, ℃
2026-03-02 21:11:24, 湿度, 49, rh%
2026-03-02 21:11:24, 二氧化碳, 387, ppm
2026-03-02 21:11:24, 火焰强度, 1, level
2026-03-02 21:11:24, 亮度, 45397, lux
2026-03-02 21:11:34, 温度, 0, ℃
2026-03-02 21:11:34, 湿度, 49, rh%
2026-03-02 21:11:34, 二氧化碳, 387, ppm
2026-03-02 21:11:34, 火焰强度, 1, level
2026-03-02 21:11:34, 亮度, 45397, lux
2026-03-02 21:11:44, 温度, 0, ℃
2026-03-02 21:11:44, 湿度, 49, rh%
2026-03-02 21:11:44, 二氧化碳, 387, ppm
2026-03-02 21:11:44, 火焰强度, 1, level
2026-03-02 21:11:44, 亮度, 45397, lux
2026-03-02 21:11:54, 温度, 17, ℃
2026-03-02 21:11:54, 湿度, 49, rh%
2026-03-02 21:11:54, 二氧化碳, 350, ppm
2026-03-02 21:11:54, 火焰强度, 1, level
2026-03-02 21:11:54, 亮度, 52, lux
2026-03-02 21:12:04, 温度, 17, ℃
2026-03-02 21:12:04, 湿度, 46, rh%
2026-03-02 21:12:04, 二氧化碳, 350, ppm
2026-03-02 21:12:04, 火焰强度, 1, level
2026-03-02 21:12:04, 亮度, 52, lux
2026-03-02 21:12:14, 温度, 17, ℃
2026-03-02 21:12:14, 湿度, 46, rh%
2026-03-02 21:12:14, 二氧化碳, 350, ppm
2026-03-02 21:12:14, 火焰强度, 1, level
2026-03-02 21:12:14, 亮度, 52, lux
2026-03-02 21:12:24, 温度, 17, ℃
2026-03-02 21:12:24, 湿度, 46, rh%
2026-03-02 21:12:24, 二氧化碳, 350, ppm
2026-03-02 21:12:24, 火焰强度, 1, level
2026-03-02 21:12:24, 亮度, 54, lux
2026-03-02 21:12:34, 温度, 17, ℃
2026-03-02 21:12:34, 湿度, 46, rh%
2026-03-02 21:12:34, 二氧化碳, 350, ppm
2026-03-02 21:12:34, 火焰强度, 1, level
2026-03-02 21:12:34, 亮度, 111, lux
2026-03-02 21:12:44, 温度, 17, ℃
2026-03-02 21:12:44, 湿度, 46, rh%
2026-03-02 21:12:44, 二氧化碳, 350, ppm
2026-03-02 21:12:44, 火焰强度, 1, level
2026-03-02 21:12:44, 亮度, 111, lux
2026-03-02 21:12:54, 温度, 17, ℃
2026-03-02 21:12:54, 湿度, 46, rh%
2026-03-02 21:12:54, 二氧化碳, 350, ppm
2026-03-02 21:12:54, 火焰强度, 1, level
2026-03-02 21:12:54, 亮度, 111, lux
2026-03-02 21:13:04, 温度, 17, ℃
2026-03-02 21:13:04, 湿度, 46, rh%
2026-03-02 21:13:04, 二氧化碳, 350, ppm
2026-03-02 21:13:04, 火焰强度, 1, level
2026-03-02 21:13:04, 亮度, 111, lux
2026-03-02 21:13:14, 温度, 17, ℃
2026-03-02 21:13:14, 湿度, 46, rh%
2026-03-02 21:13:14, 二氧化碳, 350, ppm
2026-03-02 21:13:14, 火焰强度, 1, level
2026-03-02 21:13:14, 亮度, 111, lux
2026-03-02 21:13:24, 温度, 17, ℃
2026-03-02 21:13:24, 湿度, 46, rh%
2026-03-02 21:13:24, 二氧化碳, 350, ppm
2026-03-02 21:13:24, 火焰强度, 1, level
2026-03-02 21:13:24, 亮度, 111, lux
2026-03-02 21:13:34, 温度, 17, ℃
2026-03-02 21:13:34, 湿度, 46, rh%
2026-03-02 21:13:34, 二氧化碳, 350, ppm
2026-03-02 21:13:34, 火焰强度, 1, level
2026-03-02 21:13:34, 亮度, 111, lux
2026-03-02 21:13:44, 温度, 17, ℃
2026-03-02 21:13:44, 湿度, 46, rh%
2026-03-02 21:13:44, 二氧化碳, 350, ppm
2026-03-02 21:13:44, 火焰强度, 1, level
2026-03-02 21:13:44, 亮度, 111, lux
2026-03-02 21:13:54, 温度, 17, ℃
2026-03-02 21:13:54, 湿度, 46, rh%
2026-03-02 21:13:54, 二氧化碳, 350, ppm
2026-03-02 21:13:54, 火焰强度, 1, level
2026-03-02 21:13:54, 亮度, 111, lux
2026-03-02 21:14:04, 温度, 17, ℃
2026-03-02 21:14:04, 湿度, 46, rh%
2026-03-02 21:14:04, 二氧化碳, 350, ppm
2026-03-02 21:14:04, 火焰强度, 1, level
2026-03-02 21:14:04, 亮度, 111, lux
2026-03-02 21:14:14, 温度, 17, ℃
2026-03-02 21:14:14, 湿度, 46, rh%
2026-03-02 21:14:14, 二氧化碳, 350, ppm
2026-03-02 21:14:14, 火焰强度, 1, level
2026-03-02 21:14:14, 亮度, 111, lux
2026-03-02 21:14:24, 温度, 17, ℃
2026-03-02 21:14:24, 湿度, 46, rh%
2026-03-02 21:14:24, 二氧化碳, 350, ppm
2026-03-02 21:14:24, 火焰强度, 1, level
2026-03-02 21:14:24, 亮度, 111, lux
2026-03-02 21:14:34, 温度, 17, ℃
2026-03-02 21:14:34, 湿度, 46, rh%
2026-03-02 21:14:34, 二氧化碳, 350, ppm
2026-03-02 21:14:34, 火焰强度, 1, level
2026-03-02 21:14:34, 亮度, 111, lux
2026-03-02 21:14:44, 温度, 17, ℃
2026-03-02 21:14:44, 湿度, 46, rh%
2026-03-02 21:14:44, 二氧化碳, 350, ppm
2026-03-02 21:14:44, 火焰强度, 1, level
2026-03-02 21:14:44, 亮度, 111, lux
2026-03-02 21:14:54, 温度, 17, ℃
2026-03-02 21:14:54, 湿度, 46, rh%
2026-03-02 21:14:54, 二氧化碳, 350, ppm
2026-03-02 21:14:54, 火焰强度, 1, level
2026-03-02 21:14:54, 亮度, 111, lux
2026-03-02 21:15:04, 温度, 17, ℃
2026-03-02 21:15:04, 湿度, 46, rh%
2026-03-02 21:15:04, 二氧化碳, 350, ppm
2026-03-02 21:15:04, 火焰强度, 1, level
2026-03-02 21:15:04, 亮度, 111, lux
2026-03-02 21:15:14, 温度, 17, ℃
2026-03-02 21:15:14, 湿度, 46, rh%
2026-03-02 21:15:14, 二氧化碳, 350, ppm
2026-03-02 21:15:14, 火焰强度, 1, level
2026-03-02 21:15:14, 亮度, 111, lux
2026-03-02 21:15:24, 温度, 17, ℃
2026-03-02 21:15:24, 湿度, 46, rh%
2026-03-02 21:15:24, 二氧化碳, 350, ppm
2026-03-02 21:15:24, 火焰强度, 1, level
2026-03-02 21:15:24, 亮度, 111, lux
2026-03-02 21:15:34, 温度, 17, ℃
2026-03-02 21:15:34, 湿度, 46, rh%
2026-03-02 21:15:34, 二氧化碳, 350, ppm
2026-03-02 21:15:34, 火焰强度, 1, level
2026-03-02 21:15:34, 亮度, 111, lux
2026-03-02 21:15:44, 温度, 17, ℃
2026-03-02 21:15:44, 湿度, 46, rh%
2026-03-02 21:15:44, 二氧化碳, 350, ppm
2026-03-02 21:15:44, 火焰强度, 1, level
2026-03-02 21:15:44, 亮度, 111, lux
2026-03-02 21:15:54, 温度, 17, ℃
2026-03-02 21:15:54, 湿度, 46, rh%
2026-03-02 21:15:54, 二氧化碳, 350, ppm
2026-03-02 21:15:54, 火焰强度, 1, level
2026-03-02 21:15:54, 亮度, 111, lux
2026-03-02 21:16:04, 温度, 17, ℃
2026-03-02 21:16:04, 湿度, 46, rh%
2026-03-02 21:16:04, 二氧化碳, 350, ppm
2026-03-02 21:16:04, 火焰强度, 1, level
2026-03-02 21:16:04, 亮度, 111, lux
2026-03-02 21:16:14, 温度, 17, ℃
2026-03-02 21:16:14, 湿度, 46, rh%
2026-03-02 21:16:14, 二氧化碳, 350, ppm
2026-03-02 21:16:14, 火焰强度, 1, level
2026-03-02 21:16:14, 亮度, 111, lux
2026-03-02 21:16:24, 温度, 17, ℃
2026-03-02 21:16:24, 湿度, 46, rh%
2026-03-02 21:16:24, 二氧化碳, 350, ppm
2026-03-02 21:16:24, 火焰强度, 1, level
2026-03-02 21:16:24, 亮度, 111, lux
2026-03-02 21:16:34, 温度, 17, ℃
2026-03-02 21:16:34, 湿度, 46, rh%
2026-03-02 21:16:34, 二氧化碳, 350, ppm
2026-03-02 21:16:34, 火焰强度, 1, level
2026-03-02 21:16:34, 亮度, 111, lux
2026-03-02 21:16:45, 温度, 17, ℃
2026-03-02 21:16:45, 湿度, 46, rh%
2026-03-02 21:16:45, 二氧化碳, 350, ppm
2026-03-02 21:16:45, 火焰强度, 1, level
2026-03-02 21:16:45, 亮度, 111, lux
2026-03-02 21:16:55, 温度, 17, ℃
2026-03-02 21:16:55, 湿度, 46, rh%
2026-03-02 21:16:55, 二氧化碳, 350, ppm
2026-03-02 21:16:55, 火焰强度, 1, level
2026-03-02 21:16:55, 亮度, 111, lux
2026-03-02 21:17:05, 温度, 17, ℃
2026-03-02 21:17:05, 湿度, 46, rh%
2026-03-02 21:17:05, 二氧化碳, 350, ppm
2026-03-02 21:17:05, 火焰强度, 1, level
2026-03-02 21:17:05, 亮度, 111, lux
2026-03-02 21:17:15, 温度, 17, ℃
2026-03-02 21:17:15, 湿度, 46, rh%
2026-03-02 21:17:15, 二氧化碳, 350, ppm
2026-03-02 21:17:15, 火焰强度, 1, level
2026-03-02 21:17:15, 亮度, 111, lux
2026-03-02 21:17:25, 温度, 17, ℃
2026-03-02 21:17:25, 湿度, 46, rh%
2026-03-02 21:17:25, 二氧化碳, 350, ppm
2026-03-02 21:17:25, 火焰强度, 1, level
2026-03-02 21:17:25, 亮度, 111, lux
2026-03-02 21:17:35, 温度, 17, ℃
2026-03-02 21:17:35, 湿度, 46, rh%
2026-03-02 21:17:35, 二氧化碳, 350, ppm
2026-03-02 21:17:35, 火焰强度, 1, level
2026-03-02 21:17:35, 亮度, 111, lux
2026-03-02 21:17:45, 温度, 17, ℃
2026-03-02 21:17:45, 湿度, 46, rh%
2026-03-02 21:17:45, 二氧化碳, 350, ppm
2026-03-02 21:17:45, 火焰强度, 1, level
2026-03-02 21:17:45, 亮度, 111, lux
2026-03-02 21:17:55, 温度, 17, ℃
2026-03-02 21:17:55, 湿度, 46, rh%
2026-03-02 21:17:55, 二氧化碳, 350, ppm
2026-03-02 21:17:55, 火焰强度, 1, level
2026-03-02 21:17:55, 亮度, 111, lux
2026-03-02 21:18:05, 温度, 17, ℃
2026-03-02 21:18:05, 湿度, 46, rh%
2026-03-02 21:18:05, 二氧化碳, 350, ppm
2026-03-02 21:18:05, 火焰强度, 1, level
2026-03-02 21:18:05, 亮度, 111, lux
2026-03-02 21:18:15, 温度, 17, ℃
2026-03-02 21:18:15, 湿度, 46, rh%
2026-03-02 21:18:15, 二氧化碳, 350, ppm
2026-03-02 21:18:15, 火焰强度, 1, level
2026-03-02 21:18:15, 亮度, 111, lux
2026-03-02 21:18:25, 温度, 17, ℃
2026-03-02 21:18:25, 湿度, 46, rh%
2026-03-02 21:18:25, 二氧化碳, 350, ppm
2026-03-02 21:18:25, 火焰强度, 1, level
2026-03-02 21:18:25, 亮度, 111, lux
2026-03-02 21:18:35, 温度, 17, ℃
2026-03-02 21:18:35, 湿度, 46, rh%
2026-03-02 21:18:35, 二氧化碳, 350, ppm
2026-03-02 21:18:35, 火焰强度, 1, level
2026-03-02 21:18:35, 亮度, 111, lux
2026-03-02 21:18:45, 温度, 17, ℃
2026-03-02 21:18:45, 湿度, 46, rh%
2026-03-02 21:18:45, 二氧化碳, 350, ppm
2026-03-02 21:18:45, 火焰强度, 1, level
2026-03-02 21:18:45, 亮度, 111, lux
2026-03-02 21:18:55, 温度, 17, ℃
2026-03-02 21:18:55, 湿度, 46, rh%
2026-03-02 21:18:55, 二氧化碳, 350, ppm
2026-03-02 21:18:55, 火焰强度, 1, level
2026-03-02 21:18:55, 亮度, 111, lux
2026-03-02 21:19:05, 温度, 17, ℃
2026-03-02 21:19:05, 湿度, 46, rh%
2026-03-02 21:19:05, 二氧化碳, 350, ppm
2026-03-02 21:19:05, 火焰强度, 1, level
2026-03-02 21:19:05, 亮度, 111, lux
2026-03-02 21:19:15, 温度, 17, ℃
2026-03-02 21:19:15, 湿度, 46, rh%
2026-03-02 21:19:15, 二氧化碳, 350, ppm
2026-03-02 21:19:15, 火焰强度, 1, level
2026-03-02 21:19:15, 亮度, 111, lux
2026-03-02 21:19:25, 温度, 17, ℃
2026-03-02 21:19:25, 湿度, 46, rh%
2026-03-02 21:19:25, 二氧化碳, 350, ppm
2026-03-02 21:19:25, 火焰强度, 1, level
2026-03-02 21:19:25, 亮度, 111, lux
2026-03-02 21:19:35, 温度, 17, ℃
2026-03-02 21:19:35, 湿度, 46, rh%
2026-03-02 21:19:35, 二氧化碳, 350, ppm
2026-03-02 21:19:35, 火焰强度, 1, level
2026-03-02 21:19:35, 亮度, 111, lux
2026-03-02 21:19:45, 温度, 17, ℃
2026-03-02 21:19:45, 湿度, 46, rh%
2026-03-02 21:19:45, 二氧化碳, 350, ppm
2026-03-02 21:19:45, 火焰强度, 1, level
2026-03-02 21:19:45, 亮度, 111, lux
2026-03-02 21:19:55, 温度, 17, ℃
2026-03-02 21:19:55, 湿度, 46, rh%
2026-03-02 21:19:55, 二氧化碳, 350, ppm
2026-03-02 21:19:55, 火焰强度, 1, level
2026-03-02 21:19:55, 亮度, 111, lux
2026-03-02 21:20:05, 温度, 17, ℃
2026-03-02 21:20:05, 湿度, 46, rh%
2026-03-02 21:20:05, 二氧化碳, 350, ppm
2026-03-02 21:20:05, 火焰强度, 1, level
2026-03-02 21:20:05, 亮度, 111, lux
2026-03-02 21:20:15, 温度, 17, ℃
2026-03-02 21:20:15, 湿度, 46, rh%
2026-03-02 21:20:15, 二氧化碳, 350, ppm
2026-03-02 21:20:15, 火焰强度, 1, level
2026-03-02 21:20:15, 亮度, 111, lux
2026-03-02 21:20:25, 温度, 17, ℃
2026-03-02 21:20:25, 湿度, 46, rh%
2026-03-02 21:20:25, 二氧化碳, 350, ppm
2026-03-02 21:20:25, 火焰强度, 1, level
2026-03-02 21:20:25, 亮度, 111, lux
2026-03-02 21:20:35, 温度, 17, ℃
2026-03-02 21:20:35, 湿度, 46, rh%
2026-03-02 21:20:35, 二氧化碳, 350, ppm
2026-03-02 21:20:35, 火焰强度, 1, level
2026-03-02 21:20:35, 亮度, 111, lux
2026-03-02 21:20:45, 温度, 17, ℃
2026-03-02 21:20:45, 湿度, 46, rh%
2026-03-02 21:20:45, 二氧化碳, 350, ppm
2026-03-02 21:20:45, 火焰强度, 1, level
2026-03-02 21:20:45, 亮度, 111, lux
2026-03-02 21:20:55, 温度, 17, ℃
2026-03-02 21:20:55, 湿度, 46, rh%
2026-03-02 21:20:55, 二氧化碳, 350, ppm
2026-03-02 21:20:55, 火焰强度, 1, level
2026-03-02 21:20:55, 亮度, 111, lux
2026-03-02 21:21:05, 温度, 17, ℃
2026-03-02 21:21:05, 湿度, 46, rh%
2026-03-02 21:21:05, 二氧化碳, 350, ppm
2026-03-02 21:21:05, 火焰强度, 1, level
2026-03-02 21:21:05, 亮度, 111, lux
2026-03-02 21:21:15, 温度, 17, ℃
2026-03-02 21:21:15, 湿度, 46, rh%
2026-03-02 21:21:15, 二氧化碳, 350, ppm
2026-03-02 21:21:15, 火焰强度, 1, level
2026-03-02 21:21:15, 亮度, 111, lux
2026-03-02 21:21:25, 温度, 17, ℃
2026-03-02 21:21:25, 湿度, 46, rh%
2026-03-02 21:21:25, 二氧化碳, 350, ppm
2026-03-02 21:21:25, 火焰强度, 1, level
2026-03-02 21:21:25, 亮度, 111, lux
2026-03-02 21:21:35, 温度, 17, ℃
2026-03-02 21:21:35, 湿度, 46, rh%
2026-03-02 21:21:35, 二氧化碳, 350, ppm
2026-03-02 21:21:35, 火焰强度, 1, level
2026-03-02 21:21:35, 亮度, 111, lux
2026-03-02 21:21:45, 温度, 17, ℃
2026-03-02 21:21:45, 湿度, 46, rh%
2026-03-02 21:21:45, 二氧化碳, 350, ppm
2026-03-02 21:21:45, 火焰强度, 1, level
2026-03-02 21:21:45, 亮度, 111, lux
2026-03-02 21:21:55, 温度, 17, ℃
2026-03-02 21:21:55, 湿度, 46, rh%
2026-03-02 21:21:55, 二氧化碳, 350, ppm
2026-03-02 21:21:55, 火焰强度, 1, level
2026-03-02 21:21:55, 亮度, 111, lux
2026-03-02 21:22:05, 温度, 17, ℃
2026-03-02 21:22:05, 湿度, 46, rh%
2026-03-02 21:22:05, 二氧化碳, 350, ppm
2026-03-02 21:22:05, 火焰强度, 1, level
2026-03-02 21:22:05, 亮度, 111, lux
2026-03-02 21:22:15, 温度, 17, ℃
2026-03-02 21:22:15, 湿度, 46, rh%
2026-03-02 21:22:15, 二氧化碳, 350, ppm
2026-03-02 21:22:15, 火焰强度, 1, level
2026-03-02 21:22:15, 亮度, 111, lux
2026-03-02 21:22:25, 温度, 17, ℃
2026-03-02 21:22:25, 湿度, 46, rh%
2026-03-02 21:22:25, 二氧化碳, 350, ppm
2026-03-02 21:22:25, 火焰强度, 1, level
2026-03-02 21:22:25, 亮度, 111, lux
2026-03-02 21:22:35, 温度, 17, ℃
2026-03-02 21:22:35, 湿度, 46, rh%
2026-03-02 21:22:35, 二氧化碳, 350, ppm
2026-03-02 21:22:35, 火焰强度, 1, level
2026-03-02 21:22:35, 亮度, 111, lux
2026-03-02 21:22:45, 温度, 17, ℃
2026-03-02 21:22:45, 湿度, 46, rh%
2026-03-02 21:22:45, 二氧化碳, 350, ppm
2026-03-02 21:22:45, 火焰强度, 1, level
2026-03-02 21:22:45, 亮度, 111, lux
2026-03-02 21:22:55, 温度, 17, ℃
2026-03-02 21:22:55, 湿度, 46, rh%
2026-03-02 21:22:55, 二氧化碳, 350, ppm
2026-03-02 21:22:55, 火焰强度, 1, level
2026-03-02 21:22:55, 亮度, 111, lux
2026-03-02 21:23:05, 温度, 17, ℃
2026-03-02 21:23:05, 湿度, 46, rh%
2026-03-02 21:23:05, 二氧化碳, 350, ppm
2026-03-02 21:23:05, 火焰强度, 1, level
2026-03-02 21:23:05, 亮度, 111, lux
2026-03-02 21:23:15, 温度, 17, ℃
2026-03-02 21:23:15, 湿度, 46, rh%
2026-03-02 21:23:15, 二氧化碳, 350, ppm
2026-03-02 21:23:15, 火焰强度, 1, level
2026-03-02 21:23:15, 亮度, 111, lux
2026-03-02 21:23:25, 温度, 17, ℃
2026-03-02 21:23:25, 湿度, 46, rh%
2026-03-02 21:23:25, 二氧化碳, 350, ppm
2026-03-02 21:23:25, 火焰强度, 1, level
2026-03-02 21:23:25, 亮度, 111, lux
2026-03-02 21:23:35, 温度, 17, ℃
2026-03-02 21:23:35, 湿度, 46, rh%
2026-03-02 21:23:35, 二氧化碳, 350, ppm
2026-03-02 21:23:35, 火焰强度, 1, level
2026-03-02 21:23:35, 亮度, 111, lux
2026-03-02 21:23:45, 温度, 17, ℃
2026-03-02 21:23:45, 湿度, 46, rh%
2026-03-02 21:23:45, 二氧化碳, 350, ppm
2026-03-02 21:23:45, 火焰强度, 1, level
2026-03-02 21:23:45, 亮度, 111, lux
2026-03-02 21:23:55, 温度, 17, ℃
2026-03-02 21:23:55, 湿度, 46, rh%
2026-03-02 21:23:55, 二氧化碳, 350, ppm
2026-03-02 21:23:55, 火焰强度, 1, level
2026-03-02 21:23:55, 亮度, 111, lux
2026-03-02 21:24:05, 温度, 17, ℃
2026-03-02 21:24:05, 湿度, 46, rh%
2026-03-02 21:24:05, 二氧化碳, 350, ppm
2026-03-02 21:24:05, 火焰强度, 1, level
2026-03-02 21:24:05, 亮度, 111, lux
2026-03-02 21:24:15, 温度, 17, ℃
2026-03-02 21:24:15, 湿度, 46, rh%
2026-03-02 21:24:15, 二氧化碳, 350, ppm
2026-03-02 21:24:15, 火焰强度, 1, level
2026-03-02 21:24:15, 亮度, 111, lux
2026-03-02 21:24:25, 温度, 17, ℃
2026-03-02 21:24:25, 湿度, 46, rh%
2026-03-02 21:24:25, 二氧化碳, 350, ppm
2026-03-02 21:24:25, 火焰强度, 1, level
2026-03-02 21:24:25, 亮度, 111, lux
2026-03-02 21:24:35, 温度, 17, ℃
2026-03-02 21:24:35, 湿度, 46, rh%
2026-03-02 21:24:35, 二氧化碳, 350, ppm
2026-03-02 21:24:35, 火焰强度, 1, level
2026-03-02 21:24:35, 亮度, 111, lux
2026-03-02 21:24:45, 温度, 17, ℃
2026-03-02 21:24:45, 湿度, 46, rh%
2026-03-02 21:24:45, 二氧化碳, 350, ppm
2026-03-02 21:24:45, 火焰强度, 1, level
2026-03-02 21:24:45, 亮度, 111, lux
2026-03-02 21:24:55, 温度, 17, ℃
2026-03-02 21:24:55, 湿度, 46, rh%
2026-03-02 21:24:55, 二氧化碳, 350, ppm
2026-03-02 21:24:55, 火焰强度, 1, level
2026-03-02 21:24:55, 亮度, 111, lux
2026-03-02 21:25:05, 温度, 17, ℃
2026-03-02 21:25:05, 湿度, 46, rh%
2026-03-02 21:25:05, 二氧化碳, 350, ppm
2026-03-02 21:25:05, 火焰强度, 1, level
2026-03-02 21:25:05, 亮度, 111, lux
2026-03-02 21:25:15, 温度, 17, ℃
2026-03-02 21:25:15, 湿度, 46, rh%
2026-03-02 21:25:15, 二氧化碳, 350, ppm
2026-03-02 21:25:15, 火焰强度, 1, level
2026-03-02 21:25:15, 亮度, 111, lux
2026-03-02 21:25:25, 温度, 17, ℃
2026-03-02 21:25:25, 湿度, 46, rh%
2026-03-02 21:25:25, 二氧化碳, 350, ppm
2026-03-02 21:25:25, 火焰强度, 1, level
2026-03-02 21:25:25, 亮度, 111, lux
2026-03-02 21:25:35, 温度, 17, ℃
2026-03-02 21:25:35, 湿度, 46, rh%
2026-03-02 21:25:35, 二氧化碳, 350, ppm
2026-03-02 21:25:35, 火焰强度, 1, level
2026-03-02 21:25:35, 亮度, 111, lux
2026-03-02 21:25:45, 温度, 17, ℃
2026-03-02 21:25:45, 湿度, 46, rh%
2026-03-02 21:25:45, 二氧化碳, 350, ppm
2026-03-02 21:25:45, 火焰强度, 1, level
2026-03-02 21:25:45, 亮度, 111, lux
2026-03-02 21:25:55, 温度, 17, ℃
2026-03-02 21:25:55, 湿度, 46, rh%
2026-03-02 21:25:55, 二氧化碳, 350, ppm
2026-03-02 21:25:55, 火焰强度, 1, level
2026-03-02 21:25:55, 亮度, 111, lux
2026-03-02 21:26:05, 温度, 17, ℃
2026-03-02 21:26:05, 湿度, 46, rh%
2026-03-02 21:26:05, 二氧化碳, 350, ppm
2026-03-02 21:26:05, 火焰强度, 1, level
2026-03-02 21:26:05, 亮度, 111, lux
2026-03-02 21:26:15, 温度, 17, ℃
2026-03-02 21:26:15, 湿度, 46, rh%
2026-03-02 21:26:15, 二氧化碳, 350, ppm
2026-03-02 21:26:15, 火焰强度, 1, level
2026-03-02 21:26:15, 亮度, 111, lux
2026-03-02 21:26:25, 温度, 17, ℃
2026-03-02 21:26:25, 湿度, 46, rh%
2026-03-02 21:26:25, 二氧化碳, 350, ppm
2026-03-02 21:26:25, 火焰强度, 1, level
2026-03-02 21:26:25, 亮度, 111, lux
2026-03-02 21:26:35, 温度, 17, ℃
2026-03-02 21:26:35, 湿度, 46, rh%
2026-03-02 21:26:35, 二氧化碳, 350, ppm
2026-03-02 21:26:35, 火焰强度, 1, level
2026-03-02 21:26:35, 亮度, 111, lux
2026-03-02 21:26:45, 温度, 17, ℃
2026-03-02 21:26:45, 湿度, 46, rh%
2026-03-02 21:26:45, 二氧化碳, 350, ppm
2026-03-02 21:26:45, 火焰强度, 1, level
2026-03-02 21:26:45, 亮度, 111, lux
2026-03-02 21:26:56, 温度, 17, ℃
2026-03-02 21:26:56, 湿度, 46, rh%
2026-03-02 21:26:56, 二氧化碳, 350, ppm
2026-03-02 21:26:56, 火焰强度, 1, level
2026-03-02 21:26:56, 亮度, 111, lux
2026-03-02 21:27:06, 温度, 17, ℃
2026-03-02 21:27:06, 湿度, 46, rh%
2026-03-02 21:27:06, 二氧化碳, 350, ppm
2026-03-02 21:27:06, 火焰强度, 1, level
2026-03-02 21:27:06, 亮度, 111, lux
2026-03-02 21:27:16, 温度, 17, ℃
2026-03-02 21:27:16, 湿度, 46, rh%
2026-03-02 21:27:16, 二氧化碳, 350, ppm
2026-03-02 21:27:16, 火焰强度, 1, level
2026-03-02 21:27:16, 亮度, 111, lux
2026-03-02 21:27:26, 温度, 17, ℃
2026-03-02 21:27:26, 湿度, 46, rh%
2026-03-02 21:27:26, 二氧化碳, 350, ppm
2026-03-02 21:27:26, 火焰强度, 1, level
2026-03-02 21:27:26, 亮度, 111, lux
2026-03-02 21:27:36, 温度, 17, ℃
2026-03-02 21:27:36, 湿度, 46, rh%
2026-03-02 21:27:36, 二氧化碳, 350, ppm
2026-03-02 21:27:36, 火焰强度, 1, level
2026-03-02 21:27:36, 亮度, 111, lux
2026-03-02 21:27:46, 温度, 17, ℃
2026-03-02 21:27:46, 湿度, 46, rh%
2026-03-02 21:27:46, 二氧化碳, 350, ppm
2026-03-02 21:27:46, 火焰强度, 1, level
2026-03-02 21:27:46, 亮度, 111, lux
2026-03-02 21:27:56, 温度, 17, ℃
2026-03-02 21:27:56, 湿度, 46, rh%
2026-03-02 21:27:56, 二氧化碳, 350, ppm
2026-03-02 21:27:56, 火焰强度, 1, level
2026-03-02 21:27:56, 亮度, 111, lux
2026-03-02 21:28:06, 温度, 17, ℃
2026-03-02 21:28:06, 湿度, 46, rh%
2026-03-02 21:28:06, 二氧化碳, 350, ppm
2026-03-02 21:28:06, 火焰强度, 1, level
2026-03-02 21:28:06, 亮度, 111, lux
2026-03-02 21:28:16, 温度, 17, ℃
2026-03-02 21:28:16, 湿度, 46, rh%
2026-03-02 21:28:16, 二氧化碳, 350, ppm
2026-03-02 21:28:16, 火焰强度, 1, level
2026-03-02 21:28:16, 亮度, 111, lux
2026-03-02 21:28:26, 温度, 17, ℃
2026-03-02 21:28:26, 湿度, 46, rh%
2026-03-02 21:28:26, 二氧化碳, 350, ppm
2026-03-02 21:28:26, 火焰强度, 1, level
2026-03-02 21:28:26, 亮度, 111, lux
2026-03-02 21:28:36, 温度, 17, ℃
2026-03-02 21:28:36, 湿度, 46, rh%
2026-03-02 21:28:36, 二氧化碳, 350, ppm
2026-03-02 21:28:36, 火焰强度, 1, level
2026-03-02 21:28:36, 亮度, 111, lux
2026-03-02 21:28:46, 温度, 17, ℃
2026-03-02 21:28:46, 湿度, 46, rh%
2026-03-02 21:28:46, 二氧化碳, 350, ppm
2026-03-02 21:28:46, 火焰强度, 1, level
2026-03-02 21:28:46, 亮度, 111, lux
2026-03-02 21:31:40, 温度, 17, ℃
2026-03-02 21:31:40, 湿度, 46, rh%
2026-03-02 21:31:40, 二氧化碳, 350, ppm
2026-03-02 21:31:40, 火焰强度, 1, level
2026-03-02 21:31:40, 亮度, 111, lux
2026-03-02 21:31:50, 温度, 17, ℃
2026-03-02 21:31:50, 湿度, 46, rh%
2026-03-02 21:31:50, 二氧化碳, 350, ppm
2026-03-02 21:31:50, 火焰强度, 1, level
2026-03-02 21:31:50, 亮度, 111, lux
2026-03-02 21:32:00, 温度, 17, ℃
2026-03-02 21:32:00, 湿度, 46, rh%
2026-03-02 21:32:00, 二氧化碳, 350, ppm
2026-03-02 21:32:00, 火焰强度, 1, level
2026-03-02 21:32:00, 亮度, 111, lux
2026-03-02 21:32:10, 温度, 17, ℃
2026-03-02 21:32:10, 湿度, 46, rh%
2026-03-02 21:32:10, 二氧化碳, 350, ppm
2026-03-02 21:32:10, 火焰强度, 1, level
2026-03-02 21:32:10, 亮度, 111, lux
2026-03-02 21:32:20, 温度, 17, ℃
2026-03-02 21:32:20, 湿度, 46, rh%
2026-03-02 21:32:20, 二氧化碳, 350, ppm
2026-03-02 21:32:20, 火焰强度, 1, level
2026-03-02 21:32:20, 亮度, 111, lux
2026-03-02 21:32:30, 温度, 17, ℃
2026-03-02 21:32:30, 湿度, 46, rh%
2026-03-02 21:32:30, 二氧化碳, 350, ppm
2026-03-02 21:32:30, 火焰强度, 1, level
2026-03-02 21:32:30, 亮度, 111, lux
2026-03-02 21:32:40, 温度, 17, ℃
2026-03-02 21:32:40, 湿度, 46, rh%
2026-03-02 21:32:40, 二氧化碳, 350, ppm
2026-03-02 21:32:40, 火焰强度, 1, level
2026-03-02 21:32:40, 亮度, 111, lux
2026-03-02 21:32:50, 温度, 17, ℃
2026-03-02 21:32:50, 湿度, 46, rh%
2026-03-02 21:32:50, 二氧化碳, 350, ppm
2026-03-02 21:32:50, 火焰强度, 1, level
2026-03-02 21:32:50, 亮度, 111, lux
2026-03-02 21:33:00, 温度, 17, ℃
2026-03-02 21:33:00, 湿度, 46, rh%
2026-03-02 21:33:00, 二氧化碳, 350, ppm
2026-03-02 21:33:00, 火焰强度, 1, level
2026-03-02 21:33:00, 亮度, 111, lux
2026-03-02 21:33:10, 温度, 17, ℃
2026-03-02 21:33:10, 湿度, 46, rh%
2026-03-02 21:33:10, 二氧化碳, 350, ppm
2026-03-02 21:33:10, 火焰强度, 1, level
2026-03-02 21:33:10, 亮度, 111, lux
2026-03-02 21:33:20, 温度, 17, ℃
2026-03-02 21:33:20, 湿度, 46, rh%
2026-03-02 21:33:20, 二氧化碳, 350, ppm
2026-03-02 21:33:20, 火焰强度, 1, level
2026-03-02 21:33:20, 亮度, 111, lux
2026-03-02 21:33:30, 温度, 17, ℃
2026-03-02 21:33:30, 湿度, 46, rh%
2026-03-02 21:33:30, 二氧化碳, 350, ppm
2026-03-02 21:33:30, 火焰强度, 1, level
2026-03-02 21:33:30, 亮度, 111, lux
2026-03-02 21:33:40, 温度, 17, ℃
2026-03-02 21:33:40, 湿度, 46, rh%
2026-03-02 21:33:40, 二氧化碳, 350, ppm
2026-03-02 21:33:40, 火焰强度, 1, level
2026-03-02 21:33:40, 亮度, 111, lux
2026-03-02 21:33:50, 温度, 17, ℃
2026-03-02 21:33:50, 湿度, 46, rh%
2026-03-02 21:33:50, 二氧化碳, 350, ppm
2026-03-02 21:33:50, 火焰强度, 1, level
2026-03-02 21:33:50, 亮度, 111, lux
2026-03-02 21:34:00, 温度, 17, ℃
2026-03-02 21:34:00, 湿度, 46, rh%
2026-03-02 21:34:00, 二氧化碳, 350, ppm
2026-03-02 21:34:00, 火焰强度, 1, level
2026-03-02 21:34:00, 亮度, 111, lux
2026-03-02 21:34:10, 温度, 17, ℃
2026-03-02 21:34:10, 湿度, 46, rh%
2026-03-02 21:34:10, 二氧化碳, 350, ppm
2026-03-02 21:34:10, 火焰强度, 1, level
2026-03-02 21:34:10, 亮度, 111, lux
2026-03-02 21:34:20, 温度, 17, ℃
2026-03-02 21:34:20, 湿度, 46, rh%
2026-03-02 21:34:20, 二氧化碳, 350, ppm
2026-03-02 21:34:20, 火焰强度, 1, level
2026-03-02 21:34:20, 亮度, 111, lux
2026-03-02 21:34:30, 温度, 17, ℃
2026-03-02 21:34:30, 湿度, 46, rh%
2026-03-02 21:34:30, 二氧化碳, 350, ppm
2026-03-02 21:34:30, 火焰强度, 1, level
2026-03-02 21:34:30, 亮度, 111, lux
2026-03-02 21:34:40, 温度, 17, ℃
2026-03-02 21:34:40, 湿度, 46, rh%
2026-03-02 21:34:40, 二氧化碳, 350, ppm
2026-03-02 21:34:40, 火焰强度, 1, level
2026-03-02 21:34:40, 亮度, 111, lux
2026-03-02 21:34:51, 温度, 17, ℃
2026-03-02 21:34:51, 湿度, 46, rh%
2026-03-02 21:34:51, 二氧化碳, 350, ppm
2026-03-02 21:34:51, 火焰强度, 1, level
2026-03-02 21:34:51, 亮度, 111, lux
2026-03-02 21:35:01, 温度, 17, ℃
2026-03-02 21:35:01, 湿度, 46, rh%
2026-03-02 21:35:01, 二氧化碳, 350, ppm
2026-03-02 21:35:01, 火焰强度, 1, level
2026-03-02 21:35:01, 亮度, 111, lux
2026-03-02 21:35:11, 温度, 17, ℃
2026-03-02 21:35:11, 湿度, 46, rh%
2026-03-02 21:35:11, 二氧化碳, 350, ppm
2026-03-02 21:35:11, 火焰强度, 1, level
2026-03-02 21:35:11, 亮度, 111, lux
2026-03-02 21:35:21, 温度, 17, ℃
2026-03-02 21:35:21, 湿度, 46, rh%
2026-03-02 21:35:21, 二氧化碳, 350, ppm
2026-03-02 21:35:21, 火焰强度, 1, level
2026-03-02 21:35:21, 亮度, 111, lux
2026-03-02 21:35:31, 温度, 17, ℃
2026-03-02 21:35:31, 湿度, 46, rh%
2026-03-02 21:35:31, 二氧化碳, 350, ppm
2026-03-02 21:35:31, 火焰强度, 1, level
2026-03-02 21:35:31, 亮度, 111, lux
2026-03-02 21:35:41, 温度, 17, ℃
2026-03-02 21:35:41, 湿度, 46, rh%
2026-03-02 21:35:41, 二氧化碳, 350, ppm
2026-03-02 21:35:41, 火焰强度, 1, level
2026-03-02 21:35:41, 亮度, 111, lux
2026-03-02 21:35:51, 温度, 17, ℃
2026-03-02 21:35:51, 湿度, 46, rh%
2026-03-02 21:35:51, 二氧化碳, 350, ppm
2026-03-02 21:35:51, 火焰强度, 1, level
2026-03-02 21:35:51, 亮度, 111, lux
2026-03-02 21:36:01, 温度, 17, ℃
2026-03-02 21:36:01, 湿度, 46, rh%
2026-03-02 21:36:01, 二氧化碳, 350, ppm
2026-03-02 21:36:01, 火焰强度, 1, level
2026-03-02 21:36:01, 亮度, 111, lux
2026-03-02 21:36:11, 温度, 17, ℃
2026-03-02 21:36:11, 湿度, 46, rh%
2026-03-02 21:36:11, 二氧化碳, 350, ppm
2026-03-02 21:36:11, 火焰强度, 1, level
2026-03-02 21:36:11, 亮度, 111, lux
2026-03-02 21:36:21, 温度, 17, ℃
2026-03-02 21:36:21, 湿度, 46, rh%
2026-03-02 21:36:21, 二氧化碳, 350, ppm
2026-03-02 21:36:21, 火焰强度, 1, level
2026-03-02 21:36:21, 亮度, 111, lux
2026-03-02 21:36:31, 温度, 17, ℃
2026-03-02 21:36:31, 湿度, 46, rh%
2026-03-02 21:36:31, 二氧化碳, 350, ppm
2026-03-02 21:36:31, 火焰强度, 1, level
2026-03-02 21:36:31, 亮度, 111, lux
2026-03-02 21:36:41, 温度, 17, ℃
2026-03-02 21:36:41, 湿度, 46, rh%
2026-03-02 21:36:41, 二氧化碳, 350, ppm
2026-03-02 21:36:41, 火焰强度, 1, level
2026-03-02 21:36:41, 亮度, 111, lux
2026-03-02 21:36:51, 温度, 17, ℃
2026-03-02 21:36:51, 湿度, 46, rh%
2026-03-02 21:36:51, 二氧化碳, 350, ppm
2026-03-02 21:36:51, 火焰强度, 1, level
2026-03-02 21:36:51, 亮度, 111, lux
2026-03-02 21:37:01, 温度, 17, ℃
2026-03-02 21:37:01, 湿度, 46, rh%
2026-03-02 21:37:01, 二氧化碳, 350, ppm
2026-03-02 21:37:01, 火焰强度, 1, level
2026-03-02 21:37:01, 亮度, 111, lux
2026-03-02 21:37:11, 温度, 17, ℃
2026-03-02 21:37:11, 湿度, 46, rh%
2026-03-02 21:37:11, 二氧化碳, 350, ppm
2026-03-02 21:37:11, 火焰强度, 1, level
2026-03-02 21:37:11, 亮度, 111, lux
2026-03-02 21:37:21, 温度, 17, ℃
2026-03-02 21:37:21, 湿度, 46, rh%
2026-03-02 21:37:21, 二氧化碳, 350, ppm
2026-03-02 21:37:21, 火焰强度, 1, level
2026-03-02 21:37:21, 亮度, 111, lux
2026-03-02 21:37:31, 温度, 17, ℃
2026-03-02 21:37:31, 湿度, 46, rh%
2026-03-02 21:37:31, 二氧化碳, 350, ppm
2026-03-02 21:37:31, 火焰强度, 1, level
2026-03-02 21:37:31, 亮度, 111, lux
2026-03-02 21:37:41, 温度, 17, ℃
2026-03-02 21:37:41, 湿度, 46, rh%
2026-03-02 21:37:41, 二氧化碳, 350, ppm
2026-03-02 21:37:41, 火焰强度, 1, level
2026-03-02 21:37:41, 亮度, 111, lux
2026-03-02 21:37:51, 温度, 17, ℃
2026-03-02 21:37:51, 湿度, 46, rh%
2026-03-02 21:37:51, 二氧化碳, 350, ppm
2026-03-02 21:37:51, 火焰强度, 1, level
2026-03-02 21:37:51, 亮度, 111, lux
2026-03-02 21:38:01, 温度, 17, ℃
2026-03-02 21:38:01, 湿度, 46, rh%
2026-03-02 21:38:01, 二氧化碳, 350, ppm
2026-03-02 21:38:01, 火焰强度, 1, level
2026-03-02 21:38:01, 亮度, 111, lux
2026-03-02 21:38:11, 温度, 17, ℃
2026-03-02 21:38:11, 湿度, 46, rh%
2026-03-02 21:38:11, 二氧化碳, 350, ppm
2026-03-02 21:38:11, 火焰强度, 1, level
2026-03-02 21:38:11, 亮度, 111, lux
2026-03-02 21:38:21, 温度, 17, ℃
2026-03-02 21:38:21, 湿度, 46, rh%
2026-03-02 21:38:21, 二氧化碳, 350, ppm
2026-03-02 21:38:21, 火焰强度, 1, level
2026-03-02 21:38:21, 亮度, 111, lux
2026-03-02 21:38:31, 温度, 17, ℃
2026-03-02 21:38:31, 湿度, 46, rh%
2026-03-02 21:38:31, 二氧化碳, 350, ppm
2026-03-02 21:38:31, 火焰强度, 1, level
2026-03-02 21:38:31, 亮度, 111, lux
2026-03-02 21:38:41, 温度, 17, ℃
2026-03-02 21:38:41, 湿度, 46, rh%
2026-03-02 21:38:41, 二氧化碳, 350, ppm
2026-03-02 21:38:41, 火焰强度, 1, level
2026-03-02 21:38:41, 亮度, 111, lux
2026-03-02 21:38:51, 温度, 17, ℃
2026-03-02 21:38:51, 湿度, 46, rh%
2026-03-02 21:38:51, 二氧化碳, 350, ppm
2026-03-02 21:38:51, 火焰强度, 1, level
2026-03-02 21:38:51, 亮度, 111, lux
2026-03-02 21:39:01, 温度, 17, ℃
2026-03-02 21:39:01, 湿度, 46, rh%
2026-03-02 21:39:01, 二氧化碳, 350, ppm
2026-03-02 21:39:01, 火焰强度, 1, level
2026-03-02 21:39:01, 亮度, 111, lux
2026-03-02 21:39:11, 温度, 17, ℃
2026-03-02 21:39:11, 湿度, 46, rh%
2026-03-02 21:39:11, 二氧化碳, 350, ppm
2026-03-02 21:39:11, 火焰强度, 1, level
2026-03-02 21:39:11, 亮度, 111, lux
2026-03-02 21:39:21, 温度, 17, ℃
2026-03-02 21:39:21, 湿度, 46, rh%
2026-03-02 21:39:21, 二氧化碳, 350, ppm
2026-03-02 21:39:21, 火焰强度, 1, level
2026-03-02 21:39:21, 亮度, 111, lux
2026-03-02 21:39:31, 温度, 17, ℃
2026-03-02 21:39:31, 湿度, 46, rh%
2026-03-02 21:39:31, 二氧化碳, 350, ppm
2026-03-02 21:39:31, 火焰强度, 1, level
2026-03-02 21:39:31, 亮度, 111, lux
2026-03-02 21:39:41, 温度, 17, ℃
2026-03-02 21:39:41, 湿度, 46, rh%
2026-03-02 21:39:41, 二氧化碳, 350, ppm
2026-03-02 21:39:41, 火焰强度, 1, level
2026-03-02 21:39:41, 亮度, 111, lux
2026-03-02 21:39:51, 温度, 17, ℃
2026-03-02 21:39:51, 湿度, 46, rh%
2026-03-02 21:39:51, 二氧化碳, 350, ppm
2026-03-02 21:39:51, 火焰强度, 1, level
2026-03-02 21:39:51, 亮度, 111, lux
2026-03-02 21:40:01, 温度, 17, ℃
2026-03-02 21:40:01, 湿度, 46, rh%
2026-03-02 21:40:01, 二氧化碳, 350, ppm
2026-03-02 21:40:01, 火焰强度, 1, level
2026-03-02 21:40:01, 亮度, 111, lux
2026-03-02 21:40:11, 温度, 17, ℃
2026-03-02 21:40:11, 湿度, 46, rh%
2026-03-02 21:40:11, 二氧化碳, 350, ppm
2026-03-02 21:40:11, 火焰强度, 1, level
2026-03-02 21:40:11, 亮度, 111, lux
2026-03-02 21:40:21, 温度, 17, ℃
2026-03-02 21:40:21, 湿度, 46, rh%
2026-03-02 21:40:21, 二氧化碳, 350, ppm
2026-03-02 21:40:21, 火焰强度, 1, level
2026-03-02 21:40:21, 亮度, 111, lux
2026-03-02 21:40:31, 温度, 17, ℃
2026-03-02 21:40:31, 湿度, 46, rh%
2026-03-02 21:40:31, 二氧化碳, 350, ppm
2026-03-02 21:40:31, 火焰强度, 1, level
2026-03-02 21:40:31, 亮度, 111, lux
2026-03-02 21:40:41, 温度, 17, ℃
2026-03-02 21:40:41, 湿度, 46, rh%
2026-03-02 21:40:41, 二氧化碳, 350, ppm
2026-03-02 21:40:41, 火焰强度, 1, level
2026-03-02 21:40:41, 亮度, 111, lux
2026-03-02 21:40:51, 温度, 17, ℃
2026-03-02 21:40:51, 湿度, 46, rh%
2026-03-02 21:40:51, 二氧化碳, 350, ppm
2026-03-02 21:40:51, 火焰强度, 1, level
2026-03-02 21:40:51, 亮度, 111, lux
2026-03-02 21:41:01, 温度, 17, ℃
2026-03-02 21:41:01, 湿度, 46, rh%
2026-03-02 21:41:01, 二氧化碳, 350, ppm
2026-03-02 21:41:01, 火焰强度, 1, level
2026-03-02 21:41:01, 亮度, 111, lux
2026-03-02 21:41:11, 温度, 17, ℃
2026-03-02 21:41:11, 湿度, 46, rh%
2026-03-02 21:41:11, 二氧化碳, 350, ppm
2026-03-02 21:41:11, 火焰强度, 1, level
2026-03-02 21:41:11, 亮度, 111, lux
2026-03-02 21:41:21, 温度, 17, ℃
2026-03-02 21:41:21, 湿度, 46, rh%
2026-03-02 21:41:21, 二氧化碳, 350, ppm
2026-03-02 21:41:21, 火焰强度, 1, level
2026-03-02 21:41:21, 亮度, 111, lux
2026-03-02 21:41:31, 温度, 17, ℃
2026-03-02 21:41:31, 湿度, 46, rh%
2026-03-02 21:41:31, 二氧化碳, 350, ppm
2026-03-02 21:41:31, 火焰强度, 1, level
2026-03-02 21:41:31, 亮度, 111, lux
2026-03-02 21:41:41, 温度, 17, ℃
2026-03-02 21:41:41, 湿度, 46, rh%
2026-03-02 21:41:41, 二氧化碳, 350, ppm
2026-03-02 21:41:41, 火焰强度, 1, level
2026-03-02 21:41:41, 亮度, 111, lux
2026-03-02 21:41:51, 温度, 17, ℃
2026-03-02 21:41:51, 湿度, 46, rh%
2026-03-02 21:41:51, 二氧化碳, 350, ppm
2026-03-02 21:41:51, 火焰强度, 1, level
2026-03-02 21:41:51, 亮度, 111, lux
2026-03-02 21:42:01, 温度, 17, ℃
2026-03-02 21:42:01, 湿度, 46, rh%
2026-03-02 21:42:01, 二氧化碳, 350, ppm
2026-03-02 21:42:01, 火焰强度, 1, level
2026-03-02 21:42:01, 亮度, 111, lux
2026-03-02 21:42:11, 温度, 17, ℃
2026-03-02 21:42:11, 湿度, 46, rh%
2026-03-02 21:42:11, 二氧化碳, 350, ppm
2026-03-02 21:42:11, 火焰强度, 1, level
2026-03-02 21:42:11, 亮度, 111, lux
2026-03-02 21:42:21, 温度, 17, ℃
2026-03-02 21:42:21, 湿度, 46, rh%
2026-03-02 21:42:21, 二氧化碳, 350, ppm
2026-03-02 21:42:21, 火焰强度, 1, level
2026-03-02 21:42:21, 亮度, 111, lux
2026-03-02 21:42:31, 温度, 17, ℃
2026-03-02 21:42:31, 湿度, 46, rh%
2026-03-02 21:42:31, 二氧化碳, 350, ppm
2026-03-02 21:42:31, 火焰强度, 1, level
2026-03-02 21:42:31, 亮度, 111, lux
2026-03-02 21:42:41, 温度, 17, ℃
2026-03-02 21:42:41, 湿度, 46, rh%
2026-03-02 21:42:41, 二氧化碳, 350, ppm
2026-03-02 21:42:41, 火焰强度, 1, level
2026-03-02 21:42:41, 亮度, 111, lux
2026-03-02 21:42:51, 温度, 17, ℃
2026-03-02 21:42:51, 湿度, 46, rh%
2026-03-02 21:42:51, 二氧化碳, 350, ppm
2026-03-02 21:42:51, 火焰强度, 1, level
2026-03-02 21:42:51, 亮度, 111, lux
2026-03-02 21:43:01, 温度, 17, ℃
2026-03-02 21:43:01, 湿度, 46, rh%
2026-03-02 21:43:01, 二氧化碳, 350, ppm
2026-03-02 21:43:01, 火焰强度, 1, level
2026-03-02 21:43:01, 亮度, 111, lux
2026-03-02 21:43:12, 温度, 17, ℃
2026-03-02 21:43:12, 湿度, 46, rh%
2026-03-02 21:43:12, 二氧化碳, 350, ppm
2026-03-02 21:43:12, 火焰强度, 1, level
2026-03-02 21:43:12, 亮度, 111, lux
2026-03-02 21:43:22, 温度, 17, ℃
2026-03-02 21:43:22, 湿度, 46, rh%
2026-03-02 21:43:22, 二氧化碳, 350, ppm
2026-03-02 21:43:22, 火焰强度, 1, level
2026-03-02 21:43:22, 亮度, 111, lux
2026-03-02 21:43:32, 温度, 17, ℃
2026-03-02 21:43:32, 湿度, 46, rh%
2026-03-02 21:43:32, 二氧化碳, 350, ppm
2026-03-02 21:43:32, 火焰强度, 1, level
2026-03-02 21:43:32, 亮度, 111, lux
2026-03-02 21:43:42, 温度, 17, ℃
2026-03-02 21:43:42, 湿度, 46, rh%
2026-03-02 21:43:42, 二氧化碳, 350, ppm
2026-03-02 21:43:42, 火焰强度, 1, level
2026-03-02 21:43:42, 亮度, 111, lux
2026-03-02 21:43:52, 温度, 17, ℃
2026-03-02 21:43:52, 湿度, 46, rh%
2026-03-02 21:43:52, 二氧化碳, 350, ppm
2026-03-02 21:43:52, 火焰强度, 1, level
2026-03-02 21:43:52, 亮度, 111, lux
2026-03-02 21:44:02, 温度, 17, ℃
2026-03-02 21:44:02, 湿度, 46, rh%
2026-03-02 21:44:02, 二氧化碳, 350, ppm
2026-03-02 21:44:02, 火焰强度, 1, level
2026-03-02 21:44:02, 亮度, 111, lux
2026-03-02 21:44:12, 温度, 17, ℃
2026-03-02 21:44:12, 湿度, 46, rh%
2026-03-02 21:44:12, 二氧化碳, 350, ppm
2026-03-02 21:44:12, 火焰强度, 1, level
2026-03-02 21:44:12, 亮度, 111, lux
2026-03-02 21:44:22, 温度, 17, ℃
2026-03-02 21:44:22, 湿度, 46, rh%
2026-03-02 21:44:22, 二氧化碳, 350, ppm
2026-03-02 21:44:22, 火焰强度, 1, level
2026-03-02 21:44:22, 亮度, 111, lux
2026-03-02 21:44:32, 温度, 17, ℃
2026-03-02 21:44:32, 湿度, 46, rh%
2026-03-02 21:44:32, 二氧化碳, 350, ppm
2026-03-02 21:44:32, 火焰强度, 1, level
2026-03-02 21:44:32, 亮度, 111, lux
2026-03-02 21:44:42, 温度, 17, ℃
2026-03-02 21:44:42, 湿度, 46, rh%
2026-03-02 21:44:42, 二氧化碳, 350, ppm
2026-03-02 21:44:42, 火焰强度, 1, level
2026-03-02 21:44:42, 亮度, 111, lux
2026-03-02 21:44:52, 温度, 17, ℃
2026-03-02 21:44:52, 湿度, 46, rh%
2026-03-02 21:44:52, 二氧化碳, 350, ppm
2026-03-02 21:44:52, 火焰强度, 1, level
2026-03-02 21:44:52, 亮度, 111, lux
2026-03-02 21:45:02, 温度, 17, ℃
2026-03-02 21:45:02, 湿度, 46, rh%
2026-03-02 21:45:02, 二氧化碳, 350, ppm
2026-03-02 21:45:02, 火焰强度, 1, level
2026-03-02 21:45:02, 亮度, 111, lux
2026-03-02 21:45:12, 温度, 17, ℃
2026-03-02 21:45:12, 湿度, 46, rh%
2026-03-02 21:45:12, 二氧化碳, 350, ppm
2026-03-02 21:45:12, 火焰强度, 1, level
2026-03-02 21:45:12, 亮度, 111, lux
2026-03-02 21:45:22, 温度, 17, ℃
2026-03-02 21:45:22, 湿度, 46, rh%
2026-03-02 21:45:22, 二氧化碳, 350, ppm
2026-03-02 21:45:22, 火焰强度, 1, level
2026-03-02 21:45:22, 亮度, 111, lux
2026-03-02 21:45:32, 温度, 17, ℃
2026-03-02 21:45:32, 湿度, 46, rh%
2026-03-02 21:45:32, 二氧化碳, 350, ppm
2026-03-02 21:45:32, 火焰强度, 1, level
2026-03-02 21:45:32, 亮度, 111, lux
2026-03-02 21:45:42, 温度, 17, ℃
2026-03-02 21:45:42, 湿度, 46, rh%
2026-03-02 21:45:42, 二氧化碳, 350, ppm
2026-03-02 21:45:42, 火焰强度, 1, level
2026-03-02 21:45:42, 亮度, 111, lux
2026-03-02 21:45:52, 温度, 17, ℃
2026-03-02 21:45:52, 湿度, 46, rh%
2026-03-02 21:45:52, 二氧化碳, 350, ppm
2026-03-02 21:45:52, 火焰强度, 1, level
2026-03-02 21:45:52, 亮度, 111, lux
2026-03-02 21:46:02, 温度, 17, ℃
2026-03-02 21:46:02, 湿度, 46, rh%
2026-03-02 21:46:02, 二氧化碳, 350, ppm
2026-03-02 21:46:02, 火焰强度, 1, level
2026-03-02 21:46:02, 亮度, 111, lux
2026-03-02 21:46:12, 温度, 17, ℃
2026-03-02 21:46:12, 湿度, 46, rh%
2026-03-02 21:46:12, 二氧化碳, 350, ppm
2026-03-02 21:46:12, 火焰强度, 1, level
2026-03-02 21:46:12, 亮度, 111, lux
2026-03-02 21:46:22, 温度, 17, ℃
2026-03-02 21:46:22, 湿度, 46, rh%
2026-03-02 21:46:22, 二氧化碳, 350, ppm
2026-03-02 21:46:22, 火焰强度, 1, level
2026-03-02 21:46:22, 亮度, 111, lux
2026-03-02 21:46:32, 温度, 17, ℃
2026-03-02 21:46:32, 湿度, 46, rh%
2026-03-02 21:46:32, 二氧化碳, 350, ppm
2026-03-02 21:46:32, 火焰强度, 1, level
2026-03-02 21:46:32, 亮度, 111, lux
2026-03-02 21:46:42, 温度, 17, ℃
2026-03-02 21:46:42, 湿度, 46, rh%
2026-03-02 21:46:42, 二氧化碳, 350, ppm
2026-03-02 21:46:42, 火焰强度, 1, level
2026-03-02 21:46:42, 亮度, 111, lux
2026-03-02 21:46:52, 温度, 17, ℃
2026-03-02 21:46:52, 湿度, 46, rh%
2026-03-02 21:46:52, 二氧化碳, 350, ppm
2026-03-02 21:46:52, 火焰强度, 1, level
2026-03-02 21:46:52, 亮度, 111, lux
2026-03-02 21:47:02, 温度, 17, ℃
2026-03-02 21:47:02, 湿度, 46, rh%
2026-03-02 21:47:02, 二氧化碳, 350, ppm
2026-03-02 21:47:02, 火焰强度, 1, level
2026-03-02 21:47:02, 亮度, 111, lux
2026-03-02 21:47:12, 温度, 17, ℃
2026-03-02 21:47:12, 湿度, 46, rh%
2026-03-02 21:47:12, 二氧化碳, 350, ppm
2026-03-02 21:47:12, 火焰强度, 1, level
2026-03-02 21:47:12, 亮度, 111, lux
2026-03-02 21:47:22, 温度, 17, ℃
2026-03-02 21:47:22, 湿度, 46, rh%
2026-03-02 21:47:22, 二氧化碳, 350, ppm
2026-03-02 21:47:22, 火焰强度, 1, level
2026-03-02 21:47:22, 亮度, 111, lux
2026-03-02 21:47:32, 温度, 17, ℃
2026-03-02 21:47:32, 湿度, 46, rh%
2026-03-02 21:47:32, 二氧化碳, 350, ppm
2026-03-02 21:47:32, 火焰强度, 1, level
2026-03-02 21:47:32, 亮度, 111, lux
2026-03-02 21:47:42, 温度, 17, ℃
2026-03-02 21:47:42, 湿度, 46, rh%
2026-03-02 21:47:42, 二氧化碳, 350, ppm
2026-03-02 21:47:42, 火焰强度, 1, level
2026-03-02 21:47:42, 亮度, 111, lux
2026-03-02 21:47:52, 温度, 17, ℃
2026-03-02 21:47:52, 湿度, 46, rh%
2026-03-02 21:47:52, 二氧化碳, 350, ppm
2026-03-02 21:47:52, 火焰强度, 1, level
2026-03-02 21:47:52, 亮度, 111, lux
2026-03-02 21:48:02, 温度, 17, ℃
2026-03-02 21:48:02, 湿度, 46, rh%
2026-03-02 21:48:02, 二氧化碳, 350, ppm
2026-03-02 21:48:02, 火焰强度, 1, level
2026-03-02 21:48:02, 亮度, 111, lux
2026-03-02 21:48:12, 温度, 17, ℃
2026-03-02 21:48:12, 湿度, 46, rh%
2026-03-02 21:48:12, 二氧化碳, 350, ppm
2026-03-02 21:48:12, 火焰强度, 1, level
2026-03-02 21:48:12, 亮度, 111, lux
2026-03-02 21:48:22, 温度, 17, ℃
2026-03-02 21:48:22, 湿度, 46, rh%
2026-03-02 21:48:22, 二氧化碳, 350, ppm
2026-03-02 21:48:22, 火焰强度, 1, level
2026-03-02 21:48:22, 亮度, 111, lux
2026-03-02 21:48:32, 温度, 17, ℃
2026-03-02 21:48:32, 湿度, 46, rh%
2026-03-02 21:48:32, 二氧化碳, 350, ppm
2026-03-02 21:48:32, 火焰强度, 1, level
2026-03-02 21:48:32, 亮度, 111, lux
2026-03-02 21:48:42, 温度, 17, ℃
2026-03-02 21:48:42, 湿度, 46, rh%
2026-03-02 21:48:42, 二氧化碳, 350, ppm
2026-03-02 21:48:42, 火焰强度, 1, level
2026-03-02 21:48:42, 亮度, 111, lux
2026-03-02 21:48:52, 温度, 17, ℃
2026-03-02 21:48:52, 湿度, 46, rh%
2026-03-02 21:48:52, 二氧化碳, 350, ppm
2026-03-02 21:48:52, 火焰强度, 1, level
2026-03-02 21:48:52, 亮度, 111, lux
2026-03-02 21:49:02, 温度, 17, ℃
2026-03-02 21:49:02, 湿度, 46, rh%
2026-03-02 21:49:02, 二氧化碳, 350, ppm
2026-03-02 21:49:02, 火焰强度, 1, level
2026-03-02 21:49:02, 亮度, 111, lux
2026-03-02 21:49:12, 温度, 17, ℃
2026-03-02 21:49:12, 湿度, 46, rh%
2026-03-02 21:49:12, 二氧化碳, 350, ppm
2026-03-02 21:49:12, 火焰强度, 1, level
2026-03-02 21:49:12, 亮度, 111, lux
2026-03-02 21:49:23, 温度, 17, ℃
2026-03-02 21:49:23, 湿度, 46, rh%
2026-03-02 21:49:23, 二氧化碳, 350, ppm
2026-03-02 21:49:23, 火焰强度, 1, level
2026-03-02 21:49:23, 亮度, 111, lux
2026-03-02 21:49:33, 温度, 17, ℃
2026-03-02 21:49:33, 湿度, 46, rh%
2026-03-02 21:49:33, 二氧化碳, 350, ppm
2026-03-02 21:49:33, 火焰强度, 1, level
2026-03-02 21:49:33, 亮度, 111, lux
2026-03-02 21:49:43, 温度, 17, ℃
2026-03-02 21:49:43, 湿度, 46, rh%
2026-03-02 21:49:43, 二氧化碳, 350, ppm
2026-03-02 21:49:43, 火焰强度, 1, level
2026-03-02 21:49:43, 亮度, 111, lux
2026-03-02 21:49:53, 温度, 17, ℃
2026-03-02 21:49:53, 湿度, 46, rh%
2026-03-02 21:49:53, 二氧化碳, 350, ppm
2026-03-02 21:49:53, 火焰强度, 1, level
2026-03-02 21:49:53, 亮度, 111, lux
2026-03-02 21:50:03, 温度, 17, ℃
2026-03-02 21:50:03, 湿度, 46, rh%
2026-03-02 21:50:03, 二氧化碳, 350, ppm
2026-03-02 21:50:03, 火焰强度, 1, level
2026-03-02 21:50:03, 亮度, 111, lux
2026-03-02 21:50:13, 温度, 17, ℃
2026-03-02 21:50:13, 湿度, 46, rh%
2026-03-02 21:50:13, 二氧化碳, 350, ppm
2026-03-02 21:50:13, 火焰强度, 1, level
2026-03-02 21:50:13, 亮度, 111, lux
2026-03-02 21:50:23, 温度, 17, ℃
2026-03-02 21:50:23, 湿度, 46, rh%
2026-03-02 21:50:23, 二氧化碳, 350, ppm
2026-03-02 21:50:23, 火焰强度, 1, level
2026-03-02 21:50:23, 亮度, 111, lux
2026-03-02 21:50:33, 温度, 17, ℃
2026-03-02 21:50:33, 湿度, 46, rh%
2026-03-02 21:50:33, 二氧化碳, 350, ppm
2026-03-02 21:50:33, 火焰强度, 1, level
2026-03-02 21:50:33, 亮度, 111, lux
2026-03-02 21:50:43, 温度, 17, ℃
2026-03-02 21:50:43, 湿度, 46, rh%
2026-03-02 21:50:43, 二氧化碳, 350, ppm
2026-03-02 21:50:43, 火焰强度, 1, level
2026-03-02 21:50:43, 亮度, 111, lux
2026-03-02 21:50:53, 温度, 17, ℃
2026-03-02 21:50:53, 湿度, 46, rh%
2026-03-02 21:50:53, 二氧化碳, 350, ppm
2026-03-02 21:50:53, 火焰强度, 1, level
2026-03-02 21:50:53, 亮度, 111, lux
2026-03-02 21:51:03, 温度, 17, ℃
2026-03-02 21:51:03, 湿度, 46, rh%
2026-03-02 21:51:03, 二氧化碳, 350, ppm
2026-03-02 21:51:03, 火焰强度, 1, level
2026-03-02 21:51:03, 亮度, 111, lux
2026-03-02 21:51:13, 温度, 17, ℃
2026-03-02 21:51:13, 湿度, 46, rh%
2026-03-02 21:51:13, 二氧化碳, 350, ppm
2026-03-02 21:51:13, 火焰强度, 1, level
2026-03-02 21:51:13, 亮度, 111, lux
2026-03-02 21:51:23, 温度, 17, ℃
2026-03-02 21:51:23, 湿度, 46, rh%
2026-03-02 21:51:23, 二氧化碳, 350, ppm
2026-03-02 21:51:23, 火焰强度, 1, level
2026-03-02 21:51:23, 亮度, 111, lux
2026-03-02 21:51:33, 温度, 17, ℃
2026-03-02 21:51:33, 湿度, 46, rh%
2026-03-02 21:51:33, 二氧化碳, 350, ppm
2026-03-02 21:51:33, 火焰强度, 1, level
2026-03-02 21:51:33, 亮度, 111, lux
2026-03-02 21:51:43, 温度, 17, ℃
2026-03-02 21:51:43, 湿度, 46, rh%
2026-03-02 21:51:43, 二氧化碳, 350, ppm
2026-03-02 21:51:43, 火焰强度, 1, level
2026-03-02 21:51:43, 亮度, 111, lux
2026-03-02 21:51:53, 温度, 17, ℃
2026-03-02 21:51:53, 湿度, 46, rh%
2026-03-02 21:51:53, 二氧化碳, 350, ppm
2026-03-02 21:51:53, 火焰强度, 1, level
2026-03-02 21:51:53, 亮度, 111, lux
2026-03-02 21:52:03, 温度, 17, ℃
2026-03-02 21:52:03, 湿度, 46, rh%
2026-03-02 21:52:03, 二氧化碳, 350, ppm
2026-03-02 21:52:03, 火焰强度, 1, level
2026-03-02 21:52:03, 亮度, 111, lux
2026-03-02 21:52:13, 温度, 17, ℃
2026-03-02 21:52:13, 湿度, 46, rh%
2026-03-02 21:52:13, 二氧化碳, 350, ppm
2026-03-02 21:52:13, 火焰强度, 1, level
2026-03-02 21:52:13, 亮度, 111, lux
2026-03-02 21:52:23, 温度, 17, ℃
2026-03-02 21:52:23, 湿度, 46, rh%
2026-03-02 21:52:23, 二氧化碳, 350, ppm
2026-03-02 21:52:23, 火焰强度, 1, level
2026-03-02 21:52:23, 亮度, 111, lux
2026-03-02 21:52:34, 温度, 17, ℃
2026-03-02 21:52:34, 湿度, 46, rh%
2026-03-02 21:52:34, 二氧化碳, 350, ppm
2026-03-02 21:52:34, 火焰强度, 1, level
2026-03-02 21:52:34, 亮度, 111, lux
2026-03-02 21:52:44, 温度, 17, ℃
2026-03-02 21:52:44, 湿度, 46, rh%
2026-03-02 21:52:44, 二氧化碳, 350, ppm
2026-03-02 21:52:44, 火焰强度, 1, level
2026-03-02 21:52:44, 亮度, 111, lux
2026-03-02 21:52:54, 温度, 17, ℃
2026-03-02 21:52:54, 湿度, 46, rh%
2026-03-02 21:52:54, 二氧化碳, 350, ppm
2026-03-02 21:52:54, 火焰强度, 1, level
2026-03-02 21:52:54, 亮度, 111, lux
2026-03-02 21:53:04, 温度, 17, ℃
2026-03-02 21:53:04, 湿度, 46, rh%
2026-03-02 21:53:04, 二氧化碳, 350, ppm
2026-03-02 21:53:04, 火焰强度, 1, level
2026-03-02 21:53:04, 亮度, 111, lux
2026-03-02 21:53:14, 温度, 17, ℃
2026-03-02 21:53:14, 湿度, 46, rh%
2026-03-02 21:53:14, 二氧化碳, 350, ppm
2026-03-02 21:53:14, 火焰强度, 1, level
2026-03-02 21:53:14, 亮度, 111, lux
2026-03-02 21:53:24, 温度, 17, ℃
2026-03-02 21:53:24, 湿度, 46, rh%
2026-03-02 21:53:24, 二氧化碳, 350, ppm
2026-03-02 21:53:24, 火焰强度, 1, level
2026-03-02 21:53:24, 亮度, 111, lux
2026-03-02 21:53:34, 温度, 17, ℃
2026-03-02 21:53:34, 湿度, 46, rh%
2026-03-02 21:53:34, 二氧化碳, 350, ppm
2026-03-02 21:53:34, 火焰强度, 1, level
2026-03-02 21:53:34, 亮度, 111, lux
2026-03-02 21:53:44, 温度, 17, ℃
2026-03-02 21:53:44, 湿度, 46, rh%
2026-03-02 21:53:44, 二氧化碳, 350, ppm
2026-03-02 21:53:44, 火焰强度, 1, level
2026-03-02 21:53:44, 亮度, 111, lux
2026-03-02 21:53:54, 温度, 17, ℃
2026-03-02 21:53:54, 湿度, 46, rh%
2026-03-02 21:53:54, 二氧化碳, 350, ppm
2026-03-02 21:53:54, 火焰强度, 1, level
2026-03-02 21:53:54, 亮度, 111, lux
2026-03-02 21:54:04, 温度, 17, ℃
2026-03-02 21:54:04, 湿度, 46, rh%
2026-03-02 21:54:04, 二氧化碳, 350, ppm
2026-03-02 21:54:04, 火焰强度, 1, level
2026-03-02 21:54:04, 亮度, 111, lux
2026-03-02 21:54:14, 温度, 17, ℃
2026-03-02 21:54:14, 湿度, 46, rh%
2026-03-02 21:54:14, 二氧化碳, 350, ppm
2026-03-02 21:54:14, 火焰强度, 1, level
2026-03-02 21:54:14, 亮度, 111, lux
2026-03-02 21:54:24, 温度, 17, ℃
2026-03-02 21:54:24, 湿度, 46, rh%
2026-03-02 21:54:24, 二氧化碳, 350, ppm
2026-03-02 21:54:24, 火焰强度, 1, level
2026-03-02 21:54:24, 亮度, 111, lux
2026-03-02 21:54:34, 温度, 17, ℃
2026-03-02 21:54:34, 湿度, 46, rh%
2026-03-02 21:54:34, 二氧化碳, 350, ppm
2026-03-02 21:54:34, 火焰强度, 1, level
2026-03-02 21:54:34, 亮度, 111, lux
2026-03-02 21:54:44, 温度, 17, ℃
2026-03-02 21:54:44, 湿度, 46, rh%
2026-03-02 21:54:44, 二氧化碳, 350, ppm
2026-03-02 21:54:44, 火焰强度, 1, level
2026-03-02 21:54:44, 亮度, 111, lux
2026-03-02 21:54:54, 温度, 17, ℃
2026-03-02 21:54:54, 湿度, 46, rh%
2026-03-02 21:54:54, 二氧化碳, 350, ppm
2026-03-02 21:54:54, 火焰强度, 1, level
2026-03-02 21:54:54, 亮度, 111, lux
2026-03-02 21:55:04, 温度, 17, ℃
2026-03-02 21:55:04, 湿度, 46, rh%
2026-03-02 21:55:04, 二氧化碳, 350, ppm
2026-03-02 21:55:04, 火焰强度, 1, level
2026-03-02 21:55:04, 亮度, 111, lux
2026-03-02 21:55:14, 温度, 17, ℃
2026-03-02 21:55:14, 湿度, 46, rh%
2026-03-02 21:55:14, 二氧化碳, 350, ppm
2026-03-02 21:55:14, 火焰强度, 1, level
2026-03-02 21:55:14, 亮度, 111, lux
2026-03-02 21:55:24, 温度, 17, ℃
2026-03-02 21:55:24, 湿度, 46, rh%
2026-03-02 21:55:24, 二氧化碳, 350, ppm
2026-03-02 21:55:24, 火焰强度, 1, level
2026-03-02 21:55:24, 亮度, 111, lux
2026-03-02 21:55:34, 温度, 17, ℃
2026-03-02 21:55:34, 湿度, 46, rh%
2026-03-02 21:55:34, 二氧化碳, 350, ppm
2026-03-02 21:55:34, 火焰强度, 1, level
2026-03-02 21:55:34, 亮度, 111, lux
2026-03-02 21:55:44, 温度, 17, ℃
2026-03-02 21:55:44, 湿度, 46, rh%
2026-03-02 21:55:44, 二氧化碳, 350, ppm
2026-03-02 21:55:44, 火焰强度, 1, level
2026-03-02 21:55:44, 亮度, 111, lux
2026-03-02 21:55:54, 温度, 17, ℃
2026-03-02 21:55:54, 湿度, 46, rh%
2026-03-02 21:55:54, 二氧化碳, 350, ppm
2026-03-02 21:55:54, 火焰强度, 1, level
2026-03-02 21:55:54, 亮度, 111, lux
2026-03-02 21:56:04, 温度, 17, ℃
2026-03-02 21:56:04, 湿度, 46, rh%
2026-03-02 21:56:04, 二氧化碳, 350, ppm
2026-03-02 21:56:04, 火焰强度, 1, level
2026-03-02 21:56:04, 亮度, 111, lux
2026-03-02 21:56:14, 温度, 17, ℃
2026-03-02 21:56:14, 湿度, 46, rh%
2026-03-02 21:56:14, 二氧化碳, 350, ppm
2026-03-02 21:56:14, 火焰强度, 1, level
2026-03-02 21:56:14, 亮度, 111, lux
2026-03-02 21:56:24, 温度, 17, ℃
2026-03-02 21:56:24, 湿度, 46, rh%
2026-03-02 21:56:24, 二氧化碳, 350, ppm
2026-03-02 21:56:24, 火焰强度, 1, level
2026-03-02 21:56:24, 亮度, 111, lux
2026-03-02 21:56:34, 温度, 17, ℃
2026-03-02 21:56:34, 湿度, 46, rh%
2026-03-02 21:56:34, 二氧化碳, 350, ppm
2026-03-02 21:56:34, 火焰强度, 1, level
2026-03-02 21:56:34, 亮度, 111, lux
2026-03-02 21:56:44, 温度, 17, ℃
2026-03-02 21:56:44, 湿度, 46, rh%
2026-03-02 21:56:44, 二氧化碳, 350, ppm
2026-03-02 21:56:44, 火焰强度, 1, level
2026-03-02 21:56:44, 亮度, 111, lux
2026-03-02 21:56:54, 温度, 17, ℃
2026-03-02 21:56:54, 湿度, 46, rh%
2026-03-02 21:56:54, 二氧化碳, 350, ppm
2026-03-02 21:56:54, 火焰强度, 1, level
2026-03-02 21:56:54, 亮度, 111, lux
2026-03-02 21:57:05, 温度, 17, ℃
2026-03-02 21:57:05, 湿度, 46, rh%
2026-03-02 21:57:05, 二氧化碳, 350, ppm
2026-03-02 21:57:05, 火焰强度, 1, level
2026-03-02 21:57:05, 亮度, 111, lux
2026-03-02 21:57:15, 温度, 17, ℃
2026-03-02 21:57:15, 湿度, 46, rh%
2026-03-02 21:57:15, 二氧化碳, 350, ppm
2026-03-02 21:57:15, 火焰强度, 1, level
2026-03-02 21:57:15, 亮度, 111, lux
2026-03-02 21:57:25, 温度, 17, ℃
2026-03-02 21:57:25, 湿度, 46, rh%
2026-03-02 21:57:25, 二氧化碳, 350, ppm
2026-03-02 21:57:25, 火焰强度, 1, level
2026-03-02 21:57:25, 亮度, 111, lux
2026-03-02 21:57:35, 温度, 17, ℃
2026-03-02 21:57:35, 湿度, 46, rh%
2026-03-02 21:57:35, 二氧化碳, 350, ppm
2026-03-02 21:57:35, 火焰强度, 1, level
2026-03-02 21:57:35, 亮度, 111, lux
2026-03-02 21:57:45, 温度, 17, ℃
2026-03-02 21:57:45, 湿度, 46, rh%
2026-03-02 21:57:45, 二氧化碳, 350, ppm
2026-03-02 21:57:45, 火焰强度, 1, level
2026-03-02 21:57:45, 亮度, 111, lux
2026-03-02 21:57:55, 温度, 17, ℃
2026-03-02 21:57:55, 湿度, 46, rh%
2026-03-02 21:57:55, 二氧化碳, 350, ppm
2026-03-02 21:57:55, 火焰强度, 1, level
2026-03-02 21:57:55, 亮度, 111, lux
2026-03-02 21:58:05, 温度, 17, ℃
2026-03-02 21:58:05, 湿度, 46, rh%
2026-03-02 21:58:05, 二氧化碳, 350, ppm
2026-03-02 21:58:05, 火焰强度, 1, level
2026-03-02 21:58:05, 亮度, 111, lux
2026-03-02 21:58:15, 温度, 17, ℃
2026-03-02 21:58:15, 湿度, 46, rh%
2026-03-02 21:58:15, 二氧化碳, 350, ppm
2026-03-02 21:58:15, 火焰强度, 1, level
2026-03-02 21:58:15, 亮度, 111, lux
2026-03-02 21:58:25, 温度, 17, ℃
2026-03-02 21:58:25, 湿度, 46, rh%
2026-03-02 21:58:25, 二氧化碳, 350, ppm
2026-03-02 21:58:25, 火焰强度, 1, level
2026-03-02 21:58:25, 亮度, 111, lux
2026-03-02 21:58:35, 温度, 17, ℃
2026-03-02 21:58:35, 湿度, 46, rh%
2026-03-02 21:58:35, 二氧化碳, 350, ppm
2026-03-02 21:58:35, 火焰强度, 1, level
2026-03-02 21:58:35, 亮度, 111, lux
2026-03-02 21:58:45, 温度, 17, ℃
2026-03-02 21:58:45, 湿度, 46, rh%
2026-03-02 21:58:45, 二氧化碳, 350, ppm
2026-03-02 21:58:45, 火焰强度, 1, level
2026-03-02 21:58:45, 亮度, 111, lux
2026-03-02 21:58:55, 温度, 17, ℃
2026-03-02 21:58:55, 湿度, 46, rh%
2026-03-02 21:58:55, 二氧化碳, 350, ppm
2026-03-02 21:58:55, 火焰强度, 1, level
2026-03-02 21:58:55, 亮度, 111, lux
2026-03-02 21:59:05, 温度, 17, ℃
2026-03-02 21:59:05, 湿度, 46, rh%
2026-03-02 21:59:05, 二氧化碳, 350, ppm
2026-03-02 21:59:05, 火焰强度, 1, level
2026-03-02 21:59:05, 亮度, 111, lux
2026-03-02 21:59:15, 温度, 17, ℃
2026-03-02 21:59:15, 湿度, 46, rh%
2026-03-02 21:59:15, 二氧化碳, 350, ppm
2026-03-02 21:59:15, 火焰强度, 1, level
2026-03-02 21:59:15, 亮度, 111, lux
2026-03-02 21:59:25, 温度, 17, ℃
2026-03-02 21:59:25, 湿度, 46, rh%
2026-03-02 21:59:25, 二氧化碳, 350, ppm
2026-03-02 21:59:25, 火焰强度, 1, level
2026-03-02 21:59:25, 亮度, 111, lux
2026-03-02 21:59:35, 温度, 17, ℃
2026-03-02 21:59:35, 湿度, 46, rh%
2026-03-02 21:59:35, 二氧化碳, 350, ppm
2026-03-02 21:59:35, 火焰强度, 1, level
2026-03-02 21:59:35, 亮度, 111, lux
2026-03-02 21:59:45, 温度, 17, ℃
2026-03-02 21:59:45, 湿度, 46, rh%
2026-03-02 21:59:45, 二氧化碳, 350, ppm
2026-03-02 21:59:45, 火焰强度, 1, level
2026-03-02 21:59:45, 亮度, 111, lux
2026-03-02 21:59:55, 温度, 17, ℃
2026-03-02 21:59:55, 湿度, 46, rh%
2026-03-02 21:59:55, 二氧化碳, 350, ppm
2026-03-02 21:59:55, 火焰强度, 1, level
2026-03-02 21:59:55, 亮度, 111, lux
2026-03-02 22:00:05, 温度, 17, ℃
2026-03-02 22:00:05, 湿度, 46, rh%
2026-03-02 22:00:05, 二氧化碳, 350, ppm
2026-03-02 22:00:05, 火焰强度, 1, level
2026-03-02 22:00:05, 亮度, 111, lux
2026-03-02 22:00:15, 温度, 17, ℃
2026-03-02 22:00:15, 湿度, 46, rh%
2026-03-02 22:00:15, 二氧化碳, 350, ppm
2026-03-02 22:00:15, 火焰强度, 1, level
2026-03-02 22:00:15, 亮度, 111, lux
2026-03-02 22:00:25, 温度, 17, ℃
2026-03-02 22:00:25, 湿度, 46, rh%
2026-03-02 22:00:25, 二氧化碳, 350, ppm
2026-03-02 22:00:25, 火焰强度, 1, level
2026-03-02 22:00:25, 亮度, 111, lux
2026-03-02 22:00:35, 温度, 17, ℃
2026-03-02 22:00:35, 湿度, 46, rh%
2026-03-02 22:00:35, 二氧化碳, 350, ppm
2026-03-02 22:00:35, 火焰强度, 1, level
2026-03-02 22:00:35, 亮度, 111, lux
2026-03-02 22:00:45, 温度, 17, ℃
2026-03-02 22:00:45, 湿度, 46, rh%
2026-03-02 22:00:45, 二氧化碳, 350, ppm
2026-03-02 22:00:45, 火焰强度, 1, level
2026-03-02 22:00:45, 亮度, 111, lux
2026-03-02 22:00:55, 温度, 17, ℃
2026-03-02 22:00:55, 湿度, 46, rh%
2026-03-02 22:00:55, 二氧化碳, 350, ppm
2026-03-02 22:00:55, 火焰强度, 1, level
2026-03-02 22:00:55, 亮度, 111, lux
2026-03-02 22:01:05, 温度, 17, ℃
2026-03-02 22:01:05, 湿度, 46, rh%
2026-03-02 22:01:05, 二氧化碳, 350, ppm
2026-03-02 22:01:05, 火焰强度, 1, level
2026-03-02 22:01:05, 亮度, 111, lux
2026-03-02 22:01:15, 温度, 17, ℃
2026-03-02 22:01:15, 湿度, 46, rh%
2026-03-02 22:01:15, 二氧化碳, 350, ppm
2026-03-02 22:01:15, 火焰强度, 1, level
2026-03-02 22:01:15, 亮度, 111, lux
2026-03-02 22:01:25, 温度, 17, ℃
2026-03-02 22:01:25, 湿度, 46, rh%
2026-03-02 22:01:25, 二氧化碳, 350, ppm
2026-03-02 22:01:25, 火焰强度, 1, level
2026-03-02 22:01:25, 亮度, 111, lux
2026-03-02 22:01:36, 温度, 17, ℃
2026-03-02 22:01:36, 湿度, 46, rh%
2026-03-02 22:01:36, 二氧化碳, 350, ppm
2026-03-02 22:01:36, 火焰强度, 1, level
2026-03-02 22:01:36, 亮度, 111, lux
2026-03-02 22:01:46, 温度, 17, ℃
2026-03-02 22:01:46, 湿度, 46, rh%
2026-03-02 22:01:46, 二氧化碳, 350, ppm
2026-03-02 22:01:46, 火焰强度, 1, level
2026-03-02 22:01:46, 亮度, 111, lux
2026-03-02 22:01:56, 温度, 17, ℃
2026-03-02 22:01:56, 湿度, 46, rh%
2026-03-02 22:01:56, 二氧化碳, 350, ppm
2026-03-02 22:01:56, 火焰强度, 1, level
2026-03-02 22:01:56, 亮度, 111, lux
2026-03-02 22:02:06, 温度, 17, ℃
2026-03-02 22:02:06, 湿度, 46, rh%
2026-03-02 22:02:06, 二氧化碳, 350, ppm
2026-03-02 22:02:06, 火焰强度, 1, level
2026-03-02 22:02:06, 亮度, 111, lux
2026-03-02 22:02:16, 温度, 17, ℃
2026-03-02 22:02:16, 湿度, 46, rh%
2026-03-02 22:02:16, 二氧化碳, 350, ppm
2026-03-02 22:02:16, 火焰强度, 1, level
2026-03-02 22:02:16, 亮度, 111, lux
2026-03-02 22:02:26, 温度, 17, ℃
2026-03-02 22:02:26, 湿度, 46, rh%
2026-03-02 22:02:26, 二氧化碳, 350, ppm
2026-03-02 22:02:26, 火焰强度, 1, level
2026-03-02 22:02:26, 亮度, 111, lux
2026-03-02 22:02:36, 温度, 17, ℃
2026-03-02 22:02:36, 湿度, 46, rh%
2026-03-02 22:02:36, 二氧化碳, 350, ppm
2026-03-02 22:02:36, 火焰强度, 1, level
2026-03-02 22:02:36, 亮度, 111, lux
2026-03-02 22:02:46, 温度, 17, ℃
2026-03-02 22:02:46, 湿度, 46, rh%
2026-03-02 22:02:46, 二氧化碳, 350, ppm
2026-03-02 22:02:46, 火焰强度, 1, level
2026-03-02 22:02:46, 亮度, 111, lux
2026-03-02 22:02:56, 温度, 17, ℃
2026-03-02 22:02:56, 湿度, 46, rh%
2026-03-02 22:02:56, 二氧化碳, 350, ppm
2026-03-02 22:02:56, 火焰强度, 1, level
2026-03-02 22:02:56, 亮度, 111, lux
2026-03-02 22:03:06, 温度, 17, ℃
2026-03-02 22:03:06, 湿度, 46, rh%
2026-03-02 22:03:06, 二氧化碳, 350, ppm
2026-03-02 22:03:06, 火焰强度, 1, level
2026-03-02 22:03:06, 亮度, 111, lux
2026-03-02 22:03:16, 温度, 17, ℃
2026-03-02 22:03:16, 湿度, 46, rh%
2026-03-02 22:03:16, 二氧化碳, 350, ppm
2026-03-02 22:03:16, 火焰强度, 1, level
2026-03-02 22:03:16, 亮度, 111, lux
2026-03-02 22:03:26, 温度, 17, ℃
2026-03-02 22:03:26, 湿度, 46, rh%
2026-03-02 22:03:26, 二氧化碳, 350, ppm
2026-03-02 22:03:26, 火焰强度, 1, level
2026-03-02 22:03:26, 亮度, 111, lux
2026-03-02 22:03:36, 温度, 17, ℃
2026-03-02 22:03:36, 湿度, 46, rh%
2026-03-02 22:03:36, 二氧化碳, 350, ppm
2026-03-02 22:03:36, 火焰强度, 1, level
2026-03-02 22:03:36, 亮度, 111, lux
2026-03-02 22:03:46, 温度, 17, ℃
2026-03-02 22:03:46, 湿度, 46, rh%
2026-03-02 22:03:46, 二氧化碳, 350, ppm
2026-03-02 22:03:46, 火焰强度, 1, level
2026-03-02 22:03:46, 亮度, 111, lux
2026-03-02 22:03:56, 温度, 17, ℃
2026-03-02 22:03:56, 湿度, 46, rh%
2026-03-02 22:03:56, 二氧化碳, 350, ppm
2026-03-02 22:03:56, 火焰强度, 1, level
2026-03-02 22:03:56, 亮度, 111, lux
2026-03-02 22:04:06, 温度, 17, ℃
2026-03-02 22:04:06, 湿度, 46, rh%
2026-03-02 22:04:06, 二氧化碳, 350, ppm
2026-03-02 22:04:06, 火焰强度, 1, level
2026-03-02 22:04:06, 亮度, 111, lux
2026-03-02 22:04:16, 温度, 17, ℃
2026-03-02 22:04:16, 湿度, 46, rh%
2026-03-02 22:04:16, 二氧化碳, 350, ppm
2026-03-02 22:04:16, 火焰强度, 1, level
2026-03-02 22:04:16, 亮度, 111, lux
2026-03-02 22:04:26, 温度, 17, ℃
2026-03-02 22:04:26, 湿度, 46, rh%
2026-03-02 22:04:26, 二氧化碳, 350, ppm
2026-03-02 22:04:26, 火焰强度, 1, level
2026-03-02 22:04:26, 亮度, 111, lux
2026-03-02 22:04:36, 温度, 17, ℃
2026-03-02 22:04:36, 湿度, 46, rh%
2026-03-02 22:04:36, 二氧化碳, 350, ppm
2026-03-02 22:04:36, 火焰强度, 1, level
2026-03-02 22:04:36, 亮度, 111, lux
2026-03-02 22:04:46, 温度, 17, ℃
2026-03-02 22:04:46, 湿度, 46, rh%
2026-03-02 22:04:46, 二氧化碳, 350, ppm
2026-03-02 22:04:46, 火焰强度, 1, level
2026-03-02 22:04:46, 亮度, 111, lux
2026-03-02 22:04:56, 温度, 17, ℃
2026-03-02 22:04:56, 湿度, 46, rh%
2026-03-02 22:04:56, 二氧化碳, 350, ppm
2026-03-02 22:04:56, 火焰强度, 1, level
2026-03-02 22:04:56, 亮度, 111, lux
2026-03-02 22:05:06, 温度, 17, ℃
2026-03-02 22:05:06, 湿度, 46, rh%
2026-03-02 22:05:06, 二氧化碳, 350, ppm
2026-03-02 22:05:06, 火焰强度, 1, level
2026-03-02 22:05:06, 亮度, 111, lux
2026-03-02 22:05:16, 温度, 17, ℃
2026-03-02 22:05:16, 湿度, 46, rh%
2026-03-02 22:05:16, 二氧化碳, 350, ppm
2026-03-02 22:05:16, 火焰强度, 1, level
2026-03-02 22:05:16, 亮度, 111, lux
2026-03-02 22:05:26, 温度, 17, ℃
2026-03-02 22:05:26, 湿度, 46, rh%
2026-03-02 22:05:26, 二氧化碳, 350, ppm
2026-03-02 22:05:26, 火焰强度, 1, level
2026-03-02 22:05:26, 亮度, 111, lux
2026-03-02 22:05:36, 温度, 17, ℃
2026-03-02 22:05:36, 湿度, 46, rh%
2026-03-02 22:05:36, 二氧化碳, 350, ppm
2026-03-02 22:05:36, 火焰强度, 1, level
2026-03-02 22:05:36, 亮度, 111, lux
2026-03-02 22:05:46, 温度, 17, ℃
2026-03-02 22:05:46, 湿度, 46, rh%
2026-03-02 22:05:46, 二氧化碳, 350, ppm
2026-03-02 22:05:46, 火焰强度, 1, level
2026-03-02 22:05:46, 亮度, 111, lux
2026-03-02 22:05:56, 温度, 17, ℃
2026-03-02 22:05:56, 湿度, 46, rh%
2026-03-02 22:05:56, 二氧化碳, 350, ppm
2026-03-02 22:05:56, 火焰强度, 1, level
2026-03-02 22:05:56, 亮度, 111, lux
2026-03-02 22:06:06, 温度, 17, ℃
2026-03-02 22:06:06, 湿度, 46, rh%
2026-03-02 22:06:06, 二氧化碳, 350, ppm
2026-03-02 22:06:06, 火焰强度, 1, level
2026-03-02 22:06:06, 亮度, 111, lux
2026-03-02 22:06:17, 温度, 17, ℃
2026-03-02 22:06:17, 湿度, 46, rh%
2026-03-02 22:06:17, 二氧化碳, 350, ppm
2026-03-02 22:06:17, 火焰强度, 1, level
2026-03-02 22:06:17, 亮度, 111, lux
2026-03-02 22:06:27, 温度, 17, ℃
2026-03-02 22:06:27, 湿度, 46, rh%
2026-03-02 22:06:27, 二氧化碳, 350, ppm
2026-03-02 22:06:27, 火焰强度, 1, level
2026-03-02 22:06:27, 亮度, 111, lux
2026-03-02 22:06:37, 温度, 17, ℃
2026-03-02 22:06:37, 湿度, 46, rh%
2026-03-02 22:06:37, 二氧化碳, 350, ppm
2026-03-02 22:06:37, 火焰强度, 1, level
2026-03-02 22:06:37, 亮度, 111, lux
2026-03-02 22:06:47, 温度, 17, ℃
2026-03-02 22:06:47, 湿度, 46, rh%
2026-03-02 22:06:47, 二氧化碳, 350, ppm
2026-03-02 22:06:47, 火焰强度, 1, level
2026-03-02 22:06:47, 亮度, 111, lux
2026-03-02 22:06:57, 温度, 17, ℃
2026-03-02 22:06:57, 湿度, 46, rh%
2026-03-02 22:06:57, 二氧化碳, 350, ppm
2026-03-02 22:06:57, 火焰强度, 1, level
2026-03-02 22:06:57, 亮度, 111, lux
2026-03-02 22:07:07, 温度, 17, ℃
2026-03-02 22:07:07, 湿度, 46, rh%
2026-03-02 22:07:07, 二氧化碳, 350, ppm
2026-03-02 22:07:07, 火焰强度, 1, level
2026-03-02 22:07:07, 亮度, 111, lux
2026-03-02 22:07:17, 温度, 17, ℃
2026-03-02 22:07:17, 湿度, 46, rh%
2026-03-02 22:07:17, 二氧化碳, 350, ppm
2026-03-02 22:07:17, 火焰强度, 1, level
2026-03-02 22:07:17, 亮度, 111, lux
2026-03-02 22:07:27, 温度, 17, ℃
2026-03-02 22:07:27, 湿度, 46, rh%
2026-03-02 22:07:27, 二氧化碳, 350, ppm
2026-03-02 22:07:27, 火焰强度, 1, level
2026-03-02 22:07:27, 亮度, 111, lux
2026-03-02 22:07:37, 温度, 17, ℃
2026-03-02 22:07:37, 湿度, 46, rh%
2026-03-02 22:07:37, 二氧化碳, 350, ppm
2026-03-02 22:07:37, 火焰强度, 1, level
2026-03-02 22:07:37, 亮度, 111, lux
2026-03-02 22:07:47, 温度, 17, ℃
2026-03-02 22:07:47, 湿度, 46, rh%
2026-03-02 22:07:47, 二氧化碳, 350, ppm
2026-03-02 22:07:47, 火焰强度, 1, level
2026-03-02 22:07:47, 亮度, 111, lux
2026-03-02 22:07:57, 温度, 17, ℃
2026-03-02 22:07:57, 湿度, 46, rh%
2026-03-02 22:07:57, 二氧化碳, 350, ppm
2026-03-02 22:07:57, 火焰强度, 1, level
2026-03-02 22:07:57, 亮度, 111, lux
2026-03-02 22:08:07, 温度, 17, ℃
2026-03-02 22:08:07, 湿度, 46, rh%
2026-03-02 22:08:07, 二氧化碳, 350, ppm
2026-03-02 22:08:07, 火焰强度, 1, level
2026-03-02 22:08:07, 亮度, 111, lux
2026-03-02 22:08:17, 温度, 17, ℃
2026-03-02 22:08:17, 湿度, 46, rh%
2026-03-02 22:08:17, 二氧化碳, 350, ppm
2026-03-02 22:08:17, 火焰强度, 1, level
2026-03-02 22:08:17, 亮度, 111, lux
2026-03-02 22:08:27, 温度, 17, ℃
2026-03-02 22:08:27, 湿度, 46, rh%
2026-03-02 22:08:27, 二氧化碳, 350, ppm
2026-03-02 22:08:27, 火焰强度, 1, level
2026-03-02 22:08:27, 亮度, 111, lux
2026-03-02 22:08:37, 温度, 17, ℃
2026-03-02 22:08:37, 湿度, 46, rh%
2026-03-02 22:08:37, 二氧化碳, 350, ppm
2026-03-02 22:08:37, 火焰强度, 1, level
2026-03-02 22:08:37, 亮度, 111, lux
2026-03-02 22:08:47, 温度, 17, ℃
2026-03-02 22:08:47, 湿度, 46, rh%
2026-03-02 22:08:47, 二氧化碳, 350, ppm
2026-03-02 22:08:47, 火焰强度, 1, level
2026-03-02 22:08:47, 亮度, 111, lux
2026-03-02 22:08:57, 温度, 17, ℃
2026-03-02 22:08:57, 湿度, 46, rh%
2026-03-02 22:08:57, 二氧化碳, 350, ppm
2026-03-02 22:08:57, 火焰强度, 1, level
2026-03-02 22:08:57, 亮度, 111, lux
2026-03-02 22:09:07, 温度, 17, ℃
2026-03-02 22:09:07, 湿度, 46, rh%
2026-03-02 22:09:07, 二氧化碳, 350, ppm
2026-03-02 22:09:07, 火焰强度, 1, level
2026-03-02 22:09:07, 亮度, 111, lux
2026-03-02 22:09:17, 温度, 17, ℃
2026-03-02 22:09:17, 湿度, 46, rh%
2026-03-02 22:09:17, 二氧化碳, 350, ppm
2026-03-02 22:09:17, 火焰强度, 1, level
2026-03-02 22:09:17, 亮度, 111, lux
2026-03-02 22:09:27, 温度, 17, ℃
2026-03-02 22:09:27, 湿度, 46, rh%
2026-03-02 22:09:27, 二氧化碳, 350, ppm
2026-03-02 22:09:27, 火焰强度, 1, level
2026-03-02 22:09:27, 亮度, 111, lux
2026-03-02 22:09:37, 温度, 17, ℃
2026-03-02 22:09:37, 湿度, 46, rh%
2026-03-02 22:09:37, 二氧化碳, 350, ppm
2026-03-02 22:09:37, 火焰强度, 1, level
2026-03-02 22:09:37, 亮度, 111, lux
2026-03-02 22:09:47, 温度, 17, ℃
2026-03-02 22:09:47, 湿度, 46, rh%
2026-03-02 22:09:47, 二氧化碳, 350, ppm
2026-03-02 22:09:47, 火焰强度, 1, level
2026-03-02 22:09:47, 亮度, 111, lux
2026-03-02 22:09:57, 温度, 17, ℃
2026-03-02 22:09:57, 湿度, 46, rh%
2026-03-02 22:09:57, 二氧化碳, 350, ppm
2026-03-02 22:09:57, 火焰强度, 1, level
2026-03-02 22:09:57, 亮度, 111, lux
2026-03-02 22:10:07, 温度, 17, ℃
2026-03-02 22:10:07, 湿度, 46, rh%
2026-03-02 22:10:07, 二氧化碳, 350, ppm
2026-03-02 22:10:07, 火焰强度, 384, level
2026-03-02 22:10:07, 亮度, 81, lux
2026-03-02 22:10:17, 温度, 17, ℃
2026-03-02 22:10:17, 湿度, 46, rh%
2026-03-02 22:10:17, 二氧化碳, 350, ppm
2026-03-02 22:10:17, 火焰强度, 1, level
2026-03-02 22:10:17, 亮度, 81, lux
2026-03-02 22:10:27, 温度, 17, ℃
2026-03-02 22:10:27, 湿度, 46, rh%
2026-03-02 22:10:27, 二氧化碳, 350, ppm
2026-03-02 22:10:27, 火焰强度, 1, level
2026-03-02 22:10:27, 亮度, 81, lux
2026-03-02 22:10:37, 温度, 18, ℃
2026-03-02 22:10:37, 湿度, 46, rh%
2026-03-02 22:10:37, 二氧化碳, 642, ppm
2026-03-02 22:10:37, 火焰强度, 1, level
2026-03-02 22:10:37, 亮度, 74, lux
2026-03-02 22:10:47, 温度, 18, ℃
2026-03-02 22:10:47, 湿度, 46, rh%
2026-03-02 22:10:47, 二氧化碳, 642, ppm
2026-03-02 22:10:47, 火焰强度, 1, level
2026-03-02 22:10:47, 亮度, 74, lux
2026-03-02 22:10:57, 温度, 18, ℃
2026-03-02 22:10:57, 湿度, 46, rh%
2026-03-02 22:10:57, 二氧化碳, 642, ppm
2026-03-02 22:10:57, 火焰强度, 1, level
2026-03-02 22:10:57, 亮度, 74, lux
2026-03-02 22:11:07, 温度, 18, ℃
2026-03-02 22:11:07, 湿度, 46, rh%
2026-03-02 22:11:07, 二氧化碳, 642, ppm
2026-03-02 22:11:07, 火焰强度, 1, level
2026-03-02 22:11:07, 亮度, 74, lux
2026-03-02 22:11:17, 温度, 18, ℃
2026-03-02 22:11:17, 湿度, 46, rh%
2026-03-02 22:11:17, 二氧化碳, 642, ppm
2026-03-02 22:11:17, 火焰强度, 1, level
2026-03-02 22:11:17, 亮度, 74, lux
2026-03-02 22:11:27, 温度, 18, ℃
2026-03-02 22:11:27, 湿度, 46, rh%
2026-03-02 22:11:27, 二氧化碳, 642, ppm
2026-03-02 22:11:27, 火焰强度, 1, level
2026-03-02 22:11:27, 亮度, 74, lux
2026-03-02 22:11:37, 温度, 18, ℃
2026-03-02 22:11:37, 湿度, 46, rh%
2026-03-02 22:11:37, 二氧化碳, 642, ppm
2026-03-02 22:11:37, 火焰强度, 1, level
2026-03-02 22:11:37, 亮度, 74, lux
2026-03-02 22:11:47, 温度, 18, ℃
2026-03-02 22:11:47, 湿度, 46, rh%
2026-03-02 22:11:47, 二氧化碳, 642, ppm
2026-03-02 22:11:47, 火焰强度, 1, level
2026-03-02 22:11:47, 亮度, 74, lux
2026-03-02 22:11:58, 温度, 18, ℃
2026-03-02 22:11:58, 湿度, 46, rh%
2026-03-02 22:11:58, 二氧化碳, 642, ppm
2026-03-02 22:11:58, 火焰强度, 1, level
2026-03-02 22:11:58, 亮度, 74, lux
2026-03-02 22:12:08, 温度, 18, ℃
2026-03-02 22:12:08, 湿度, 46, rh%
2026-03-02 22:12:08, 二氧化碳, 642, ppm
2026-03-02 22:12:08, 火焰强度, 1, level
2026-03-02 22:12:08, 亮度, 74, lux
2026-03-02 22:12:18, 温度, 18, ℃
2026-03-02 22:12:18, 湿度, 46, rh%
2026-03-02 22:12:18, 二氧化碳, 642, ppm
2026-03-02 22:12:18, 火焰强度, 1, level
2026-03-02 22:12:18, 亮度, 74, lux
2026-03-02 22:12:28, 温度, 18, ℃
2026-03-02 22:12:28, 湿度, 46, rh%
2026-03-02 22:12:28, 二氧化碳, 642, ppm
2026-03-02 22:12:28, 火焰强度, 1, level
2026-03-02 22:12:28, 亮度, 74, lux
2026-03-02 22:12:38, 温度, 18, ℃
2026-03-02 22:12:38, 湿度, 46, rh%
2026-03-02 22:12:38, 二氧化碳, 642, ppm
2026-03-02 22:12:38, 火焰强度, 1, level
2026-03-02 22:12:38, 亮度, 74, lux
2026-03-02 22:12:48, 温度, 18, ℃
2026-03-02 22:12:48, 湿度, 46, rh%
2026-03-02 22:12:48, 二氧化碳, 642, ppm
2026-03-02 22:12:48, 火焰强度, 297, level
2026-03-02 22:12:48, 亮度, 74, lux
2026-03-02 22:12:58, 温度, 18, ℃
2026-03-02 22:12:58, 湿度, 46, rh%
2026-03-02 22:12:58, 二氧化碳, 642, ppm
2026-03-02 22:12:58, 火焰强度, 297, level
2026-03-02 22:12:58, 亮度, 74, lux
2026-03-02 22:13:08, 温度, 18, ℃
2026-03-02 22:13:08, 湿度, 46, rh%
2026-03-02 22:13:08, 二氧化碳, 642, ppm
2026-03-02 22:13:08, 火焰强度, 297, level
2026-03-02 22:13:08, 亮度, 74, lux
2026-03-02 22:13:18, 温度, 18, ℃
2026-03-02 22:13:18, 湿度, 46, rh%
2026-03-02 22:13:18, 二氧化碳, 642, ppm
2026-03-02 22:13:18, 火焰强度, 297, level
2026-03-02 22:13:18, 亮度, 74, lux
2026-03-02 22:13:28, 温度, 18, ℃
2026-03-02 22:13:28, 湿度, 46, rh%
2026-03-02 22:13:28, 二氧化碳, 642, ppm
2026-03-02 22:13:28, 火焰强度, 297, level
2026-03-02 22:13:28, 亮度, 74, lux
2026-03-02 22:13:38, 温度, 18, ℃
2026-03-02 22:13:38, 湿度, 46, rh%
2026-03-02 22:13:38, 二氧化碳, 642, ppm
2026-03-02 22:13:38, 火焰强度, 297, level
2026-03-02 22:13:38, 亮度, 74, lux
2026-03-02 22:13:48, 温度, 18, ℃
2026-03-02 22:13:48, 湿度, 46, rh%
2026-03-02 22:13:48, 二氧化碳, 642, ppm
2026-03-02 22:13:48, 火焰强度, 297, level
2026-03-02 22:13:48, 亮度, 74, lux
2026-03-02 22:13:58, 温度, 18, ℃
2026-03-02 22:13:58, 湿度, 46, rh%
2026-03-02 22:13:58, 二氧化碳, 642, ppm
2026-03-02 22:13:58, 火焰强度, 297, level
2026-03-02 22:13:58, 亮度, 74, lux
2026-03-02 22:14:08, 温度, 18, ℃
2026-03-02 22:14:08, 湿度, 46, rh%
2026-03-02 22:14:08, 二氧化碳, 642, ppm
2026-03-02 22:14:08, 火焰强度, 297, level
2026-03-02 22:14:08, 亮度, 74, lux
2026-03-02 22:14:18, 温度, 18, ℃
2026-03-02 22:14:18, 湿度, 46, rh%
2026-03-02 22:14:18, 二氧化碳, 642, ppm
2026-03-02 22:14:18, 火焰强度, 297, level
2026-03-02 22:14:18, 亮度, 74, lux
2026-03-02 22:14:28, 温度, 18, ℃
2026-03-02 22:14:28, 湿度, 46, rh%
2026-03-02 22:14:28, 二氧化碳, 642, ppm
2026-03-02 22:14:28, 火焰强度, 297, level
2026-03-02 22:14:28, 亮度, 74, lux
2026-03-02 22:14:38, 温度, 18, ℃
2026-03-02 22:14:38, 湿度, 46, rh%
2026-03-02 22:14:38, 二氧化碳, 642, ppm
2026-03-02 22:14:38, 火焰强度, 297, level
2026-03-02 22:14:38, 亮度, 74, lux
2026-03-02 22:14:48, 温度, 18, ℃
2026-03-02 22:14:48, 湿度, 46, rh%
2026-03-02 22:14:48, 二氧化碳, 642, ppm
2026-03-02 22:14:48, 火焰强度, 297, level
2026-03-02 22:14:48, 亮度, 74, lux
2026-03-02 22:14:58, 温度, 18, ℃
2026-03-02 22:14:58, 湿度, 46, rh%
2026-03-02 22:14:58, 二氧化碳, 642, ppm
2026-03-02 22:14:58, 火焰强度, 297, level
2026-03-02 22:14:58, 亮度, 74, lux
2026-03-02 22:15:08, 温度, 18, ℃
2026-03-02 22:15:08, 湿度, 46, rh%
2026-03-02 22:15:08, 二氧化碳, 642, ppm
2026-03-02 22:15:08, 火焰强度, 297, level
2026-03-02 22:15:08, 亮度, 74, lux
2026-03-02 22:15:18, 温度, 18, ℃
2026-03-02 22:15:18, 湿度, 46, rh%
2026-03-02 22:15:18, 二氧化碳, 642, ppm
2026-03-02 22:15:18, 火焰强度, 10666, level
2026-03-02 22:15:18, 亮度, 74, lux
2026-03-02 22:15:28, 温度, 18, ℃
2026-03-02 22:15:28, 湿度, 46, rh%
2026-03-02 22:15:28, 二氧化碳, 642, ppm
2026-03-02 22:15:28, 火焰强度, 10666, level
2026-03-02 22:15:28, 亮度, 74, lux
2026-03-02 22:15:38, 温度, 18, ℃
2026-03-02 22:15:38, 湿度, 46, rh%
2026-03-02 22:15:38, 二氧化碳, 642, ppm
2026-03-02 22:15:38, 火焰强度, 10666, level
2026-03-02 22:15:38, 亮度, 74, lux
2026-03-02 22:15:48, 温度, 18, ℃
2026-03-02 22:15:48, 湿度, 46, rh%
2026-03-02 22:15:48, 二氧化碳, 642, ppm
2026-03-02 22:15:48, 火焰强度, 10666, level
2026-03-02 22:15:48, 亮度, 74, lux
2026-03-02 22:15:58, 温度, 18, ℃
2026-03-02 22:15:58, 湿度, 46, rh%
2026-03-02 22:15:58, 二氧化碳, 642, ppm
2026-03-02 22:15:58, 火焰强度, 10666, level
2026-03-02 22:15:58, 亮度, 74, lux
2026-03-02 22:16:08, 温度, 18, ℃
2026-03-02 22:16:08, 湿度, 46, rh%
2026-03-02 22:16:08, 二氧化碳, 642, ppm
2026-03-02 22:16:08, 火焰强度, 10666, level
2026-03-02 22:16:08, 亮度, 74, lux
2026-03-02 22:16:18, 温度, 18, ℃
2026-03-02 22:16:18, 湿度, 46, rh%
2026-03-02 22:16:18, 二氧化碳, 642, ppm
2026-03-02 22:16:18, 火焰强度, 10666, level
2026-03-02 22:16:18, 亮度, 74, lux
2026-03-02 22:16:28, 温度, 18, ℃
2026-03-02 22:16:28, 湿度, 46, rh%
2026-03-02 22:16:28, 二氧化碳, 642, ppm
2026-03-02 22:16:28, 火焰强度, 10666, level
2026-03-02 22:16:28, 亮度, 74, lux
2026-03-02 22:16:38, 温度, 18, ℃
2026-03-02 22:16:38, 湿度, 46, rh%
2026-03-02 22:16:38, 二氧化碳, 642, ppm
2026-03-02 22:16:38, 火焰强度, 10666, level
2026-03-02 22:16:38, 亮度, 74, lux
2026-03-02 22:16:48, 温度, 18, ℃
2026-03-02 22:16:48, 湿度, 46, rh%
2026-03-02 22:16:48, 二氧化碳, 642, ppm
2026-03-02 22:16:48, 火焰强度, 10666, level
2026-03-02 22:16:48, 亮度, 74, lux
2026-03-02 22:16:58, 温度, 18, ℃
2026-03-02 22:16:58, 湿度, 95, rh%
2026-03-02 22:16:58, 二氧化碳, 642, ppm
2026-03-02 22:16:58, 火焰强度, 1, level
2026-03-02 22:16:58, 亮度, 74, lux
2026-03-02 22:17:08, 温度, 18, ℃
2026-03-02 22:17:08, 湿度, 95, rh%
2026-03-02 22:17:08, 二氧化碳, 642, ppm
2026-03-02 22:17:08, 火焰强度, 1, level
2026-03-02 22:17:08, 亮度, 74, lux
2026-03-02 22:17:18, 温度, 20, ℃
2026-03-02 22:17:18, 湿度, 95, rh%
2026-03-02 22:17:18, 二氧化碳, 642, ppm
2026-03-02 22:17:18, 火焰强度, 906, level
2026-03-02 22:17:18, 亮度, 70, lux
2026-03-02 22:17:28, 温度, 20, ℃
2026-03-02 22:17:28, 湿度, 95, rh%
2026-03-02 22:17:28, 二氧化碳, 642, ppm
2026-03-02 22:17:28, 火焰强度, 1, level
2026-03-02 22:17:28, 亮度, 70, lux
2026-03-02 22:17:39, 温度, 19, ℃
2026-03-02 22:17:39, 湿度, 95, rh%
2026-03-02 22:17:39, 二氧化碳, 678, ppm
2026-03-02 22:17:39, 火焰强度, 579, level
2026-03-02 22:17:39, 亮度, 209, lux
2026-03-02 22:17:49, 温度, 19, ℃
2026-03-02 22:17:49, 湿度, 95, rh%
2026-03-02 22:17:49, 二氧化碳, 446, ppm
2026-03-02 22:17:49, 火焰强度, 1, level
2026-03-02 22:17:49, 亮度, 106, lux
2026-03-02 22:17:59, 温度, 18, ℃
2026-03-02 22:17:59, 湿度, 95, rh%
2026-03-02 22:17:59, 二氧化碳, 350, ppm
2026-03-02 22:17:59, 火焰强度, 1, level
2026-03-02 22:17:59, 亮度, 24, lux
2026-03-02 22:18:09, 温度, 18, ℃
2026-03-02 22:18:09, 湿度, 95, rh%
2026-03-02 22:18:09, 二氧化碳, 351, ppm
2026-03-02 22:18:09, 火焰强度, 1, level
2026-03-02 22:18:09, 亮度, 40, lux
2026-03-02 22:18:19, 温度, 18, ℃
2026-03-02 22:18:19, 湿度, 95, rh%
2026-03-02 22:18:19, 二氧化碳, 351, ppm
2026-03-02 22:18:19, 火焰强度, 1, level
2026-03-02 22:18:19, 亮度, 40, lux
2026-03-02 22:18:29, 温度, 18, ℃
2026-03-02 22:18:29, 湿度, 95, rh%
2026-03-02 22:18:29, 二氧化碳, 351, ppm
2026-03-02 22:18:29, 火焰强度, 1, level
2026-03-02 22:18:29, 亮度, 188, lux
2026-03-02 22:18:39, 温度, 18, ℃
2026-03-02 22:18:39, 湿度, 90, rh%
2026-03-02 22:18:39, 二氧化碳, 351, ppm
2026-03-02 22:18:39, 火焰强度, 1, level
2026-03-02 22:18:39, 亮度, 188, lux
2026-03-02 22:18:49, 温度, 17, ℃
2026-03-02 22:18:49, 湿度, 90, rh%
2026-03-02 22:18:49, 二氧化碳, 350, ppm
2026-03-02 22:18:49, 火焰强度, 1, level
2026-03-02 22:18:49, 亮度, 189, lux
2026-03-02 22:18:59, 温度, 17, ℃
2026-03-02 22:18:59, 湿度, 90, rh%
2026-03-02 22:18:59, 二氧化碳, 351, ppm
2026-03-02 22:18:59, 火焰强度, 426, level
2026-03-02 22:18:59, 亮度, 188, lux
2026-03-02 22:19:09, 温度, 17, ℃
2026-03-02 22:19:09, 湿度, 87, rh%
2026-03-02 22:19:09, 二氧化碳, 351, ppm
2026-03-02 22:19:09, 火焰强度, 426, level
2026-03-02 22:19:09, 亮度, 188, lux
2026-03-02 22:19:19, 温度, 17, ℃
2026-03-02 22:19:19, 湿度, 84, rh%
2026-03-02 22:19:19, 二氧化碳, 351, ppm
2026-03-02 22:19:19, 火焰强度, 1, level
2026-03-02 22:19:19, 亮度, 188, lux
2026-03-02 22:19:29, 温度, 17, ℃
2026-03-02 22:19:29, 湿度, 84, rh%
2026-03-02 22:19:29, 二氧化碳, 353, ppm
2026-03-02 22:19:29, 火焰强度, 1, level
2026-03-02 22:19:29, 亮度, 189, lux
2026-03-02 22:19:39, 温度, 17, ℃
2026-03-02 22:19:39, 湿度, 84, rh%
2026-03-02 22:19:39, 二氧化碳, 24166, ppm
2026-03-02 22:19:39, 火焰强度, 1, level
2026-03-02 22:19:39, 亮度, 189, lux
2026-03-02 22:19:49, 温度, 17, ℃
2026-03-02 22:19:49, 湿度, 84, rh%
2026-03-02 22:19:49, 二氧化碳, 24166, ppm
2026-03-02 22:19:49, 火焰强度, 1, level
2026-03-02 22:19:49, 亮度, 189, lux
2026-03-02 22:19:59, 温度, 17, ℃
2026-03-02 22:19:59, 湿度, 84, rh%
2026-03-02 22:19:59, 二氧化碳, 24166, ppm
2026-03-02 22:19:59, 火焰强度, 1, level
2026-03-02 22:19:59, 亮度, 189, lux
2026-03-02 22:20:09, 温度, 17, ℃
2026-03-02 22:20:09, 湿度, 84, rh%
2026-03-02 22:20:09, 二氧化碳, 24166, ppm
2026-03-02 22:20:09, 火焰强度, 1, level
2026-03-02 22:20:09, 亮度, 189, lux
2026-03-02 22:20:19, 温度, 17, ℃
2026-03-02 22:20:19, 湿度, 84, rh%
2026-03-02 22:20:19, 二氧化碳, 24166, ppm
2026-03-02 22:20:19, 火焰强度, 1, level
2026-03-02 22:20:19, 亮度, 189, lux
2026-03-02 22:20:29, 温度, 17, ℃
2026-03-02 22:20:29, 湿度, 84, rh%
2026-03-02 22:20:29, 二氧化碳, 24166, ppm
2026-03-02 22:20:29, 火焰强度, 1, level
2026-03-02 22:20:29, 亮度, 189, lux
2026-03-02 22:20:39, 温度, 17, ℃
2026-03-02 22:20:39, 湿度, 84, rh%
2026-03-02 22:20:39, 二氧化碳, 24166, ppm
2026-03-02 22:20:39, 火焰强度, 1, level
2026-03-02 22:20:39, 亮度, 189, lux
2026-03-02 22:20:49, 温度, 17, ℃
2026-03-02 22:20:49, 湿度, 84, rh%
2026-03-02 22:20:49, 二氧化碳, 24166, ppm
2026-03-02 22:20:49, 火焰强度, 1, level
2026-03-02 22:20:49, 亮度, 189, lux
2026-03-02 22:20:59, 温度, 17, ℃
2026-03-02 22:20:59, 湿度, 84, rh%
2026-03-02 22:20:59, 二氧化碳, 24166, ppm
2026-03-02 22:20:59, 火焰强度, 1, level
2026-03-02 22:20:59, 亮度, 189, lux
2026-03-02 22:21:09, 温度, 17, ℃
2026-03-02 22:21:09, 湿度, 84, rh%
2026-03-02 22:21:09, 二氧化碳, 24166, ppm
2026-03-02 22:21:09, 火焰强度, 1, level
2026-03-02 22:21:09, 亮度, 189, lux
2026-03-02 22:21:19, 温度, 17, ℃
2026-03-02 22:21:19, 湿度, 84, rh%
2026-03-02 22:21:19, 二氧化碳, 24166, ppm
2026-03-02 22:21:19, 火焰强度, 1, level
2026-03-02 22:21:19, 亮度, 189, lux
2026-03-02 22:21:29, 温度, 17, ℃
2026-03-02 22:21:29, 湿度, 84, rh%
2026-03-02 22:21:29, 二氧化碳, 24166, ppm
2026-03-02 22:21:29, 火焰强度, 1, level
2026-03-02 22:21:29, 亮度, 189, lux
2026-03-02 22:21:39, 温度, 17, ℃
2026-03-02 22:21:39, 湿度, 84, rh%
2026-03-02 22:21:39, 二氧化碳, 24166, ppm
2026-03-02 22:21:39, 火焰强度, 1, level
2026-03-02 22:21:39, 亮度, 189, lux
2026-03-02 22:21:49, 温度, 17, ℃
2026-03-02 22:21:49, 湿度, 84, rh%
2026-03-02 22:21:49, 二氧化碳, 24166, ppm
2026-03-02 22:21:49, 火焰强度, 363, level
2026-03-02 22:21:49, 亮度, 189, lux
2026-03-02 22:21:59, 温度, 17, ℃
2026-03-02 22:21:59, 湿度, 84, rh%
2026-03-02 22:21:59, 二氧化碳, 24166, ppm
2026-03-02 22:21:59, 火焰强度, 1, level
2026-03-02 22:21:59, 亮度, 189, lux
2026-03-02 22:22:09, 温度, 17, ℃
2026-03-02 22:22:09, 湿度, 63, rh%
2026-03-02 22:22:09, 二氧化碳, 458, ppm
2026-03-02 22:22:09, 火焰强度, 1, level
2026-03-02 22:22:09, 亮度, 189, lux
2026-03-02 22:22:19, 温度, 17, ℃
2026-03-02 22:22:19, 湿度, 62, rh%
2026-03-02 22:22:19, 二氧化碳, 458, ppm
2026-03-02 22:22:19, 火焰强度, 1, level
2026-03-02 22:22:19, 亮度, 189, lux
2026-03-02 22:22:29, 温度, 17, ℃
2026-03-02 22:22:29, 湿度, 62, rh%
2026-03-02 22:22:29, 二氧化碳, 458, ppm
2026-03-02 22:22:29, 火焰强度, 510, level
2026-03-02 22:22:29, 亮度, 189, lux
2026-03-02 22:22:39, 温度, 17, ℃
2026-03-02 22:22:39, 湿度, 62, rh%
2026-03-02 22:22:39, 二氧化碳, 458, ppm
2026-03-02 22:22:39, 火焰强度, 4027, level
2026-03-02 22:22:39, 亮度, 189, lux
2026-03-02 22:22:50, 温度, 17, ℃
2026-03-02 22:22:50, 湿度, 62, rh%
2026-03-02 22:22:50, 二氧化碳, 458, ppm
2026-03-02 22:22:50, 火焰强度, 4027, level
2026-03-02 22:22:50, 亮度, 189, lux
2026-03-02 22:23:00, 温度, 17, ℃
2026-03-02 22:23:00, 湿度, 69, rh%
2026-03-02 22:23:00, 二氧化碳, 458, ppm
2026-03-02 22:23:00, 火焰强度, 1, level
2026-03-02 22:23:00, 亮度, 189, lux
2026-03-02 22:23:10, 温度, 17, ℃
2026-03-02 22:23:10, 湿度, 69, rh%
2026-03-02 22:23:10, 二氧化碳, 1111, ppm
2026-03-02 22:23:10, 火焰强度, 1, level
2026-03-02 22:23:10, 亮度, 189, lux
2026-03-02 22:23:20, 温度, 17, ℃
2026-03-02 22:23:20, 湿度, 69, rh%
2026-03-02 22:23:20, 二氧化碳, 1111, ppm
2026-03-02 22:23:20, 火焰强度, 1, level
2026-03-02 22:23:20, 亮度, 189, lux
2026-03-02 22:23:30, 温度, 17, ℃
2026-03-02 22:23:30, 湿度, 69, rh%
2026-03-02 22:23:30, 二氧化碳, 1111, ppm
2026-03-02 22:23:30, 火焰强度, 1, level
2026-03-02 22:23:30, 亮度, 189, lux
2026-03-02 22:23:40, 温度, 17, ℃
2026-03-02 22:23:40, 湿度, 69, rh%
2026-03-02 22:23:40, 二氧化碳, 1111, ppm
2026-03-02 22:23:40, 火焰强度, 1, level
2026-03-02 22:23:40, 亮度, 189, lux
2026-03-02 22:23:50, 温度, 17, ℃
2026-03-02 22:23:50, 湿度, 69, rh%
2026-03-02 22:23:50, 二氧化碳, 1111, ppm
2026-03-02 22:23:50, 火焰强度, 1, level
2026-03-02 22:23:50, 亮度, 189, lux
2026-03-02 22:24:00, 温度, 17, ℃
2026-03-02 22:24:00, 湿度, 69, rh%
2026-03-02 22:24:00, 二氧化碳, 1111, ppm
2026-03-02 22:24:00, 火焰强度, 1, level
2026-03-02 22:24:00, 亮度, 189, lux
2026-03-02 22:24:10, 温度, 17, ℃
2026-03-02 22:24:10, 湿度, 70, rh%
2026-03-02 22:24:10, 二氧化碳, 408, ppm
2026-03-02 22:24:10, 火焰强度, 1, level
2026-03-02 22:24:10, 亮度, 189, lux
2026-03-02 22:24:20, 温度, 17, ℃
2026-03-02 22:24:20, 湿度, 68, rh%
2026-03-02 22:24:20, 二氧化碳, 393, ppm
2026-03-02 22:24:20, 火焰强度, 1, level
2026-03-02 22:24:20, 亮度, 5205, lux
2026-03-02 22:24:30, 温度, 17, ℃
2026-03-02 22:24:30, 湿度, 63, rh%
2026-03-02 22:24:30, 二氧化碳, 393, ppm
2026-03-02 22:24:30, 火焰强度, 1, level
2026-03-02 22:24:30, 亮度, 5205, lux
2026-03-02 22:24:40, 温度, 17, ℃
2026-03-02 22:24:40, 湿度, 63, rh%
2026-03-02 22:24:40, 二氧化碳, 384, ppm
2026-03-02 22:24:40, 火焰强度, 1, level
2026-03-02 22:24:40, 亮度, 1, lux
2026-03-02 22:24:50, 温度, 17, ℃
2026-03-02 22:24:50, 湿度, 63, rh%
2026-03-02 22:24:50, 二氧化碳, 384, ppm
2026-03-02 22:24:50, 火焰强度, 1, level
2026-03-02 22:24:50, 亮度, 1, lux
2026-03-02 22:25:00, 温度, 17, ℃
2026-03-02 22:25:00, 湿度, 63, rh%
2026-03-02 22:25:00, 二氧化碳, 384, ppm
2026-03-02 22:25:00, 火焰强度, 1, level
2026-03-02 22:25:00, 亮度, 1, lux
2026-03-02 22:25:10, 温度, 17, ℃
2026-03-02 22:25:10, 湿度, 63, rh%
2026-03-02 22:25:10, 二氧化碳, 384, ppm
2026-03-02 22:25:10, 火焰强度, 1, level
2026-03-02 22:25:10, 亮度, 1, lux
2026-03-02 22:25:20, 温度, 17, ℃
2026-03-02 22:25:20, 湿度, 63, rh%
2026-03-02 22:25:20, 二氧化碳, 384, ppm
2026-03-02 22:25:20, 火焰强度, 1, level
2026-03-02 22:25:20, 亮度, 1, lux
2026-03-02 22:25:30, 温度, 17, ℃
2026-03-02 22:25:30, 湿度, 63, rh%
2026-03-02 22:25:30, 二氧化碳, 384, ppm
2026-03-02 22:25:30, 火焰强度, 1, level
2026-03-02 22:25:30, 亮度, 1, lux
2026-03-02 22:25:40, 温度, 17, ℃
2026-03-02 22:25:40, 湿度, 63, rh%
2026-03-02 22:25:40, 二氧化碳, 384, ppm
2026-03-02 22:25:40, 火焰强度, 290, level
2026-03-02 22:25:40, 亮度, 1, lux
2026-03-02 22:25:50, 温度, 17, ℃
2026-03-02 22:25:50, 湿度, 63, rh%
2026-03-02 22:25:50, 二氧化碳, 384, ppm
2026-03-02 22:25:50, 火焰强度, 1, level
2026-03-02 22:25:50, 亮度, 1, lux
2026-03-02 22:26:00, 温度, 17, ℃
2026-03-02 22:26:00, 湿度, 63, rh%
2026-03-02 22:26:00, 二氧化碳, 384, ppm
2026-03-02 22:26:00, 火焰强度, 1, level
2026-03-02 22:26:00, 亮度, 1, lux
2026-03-02 22:26:10, 温度, 17, ℃
2026-03-02 22:26:10, 湿度, 63, rh%
2026-03-02 22:26:10, 二氧化碳, 384, ppm
2026-03-02 22:26:10, 火焰强度, 1, level
2026-03-02 22:26:10, 亮度, 1, lux
2026-03-02 22:26:20, 温度, 17, ℃
2026-03-02 22:26:20, 湿度, 63, rh%
2026-03-02 22:26:20, 二氧化碳, 384, ppm
2026-03-02 22:26:20, 火焰强度, 1, level
2026-03-02 22:26:20, 亮度, 1, lux
2026-03-02 22:26:30, 温度, 17, ℃
2026-03-02 22:26:30, 湿度, 63, rh%
2026-03-02 22:26:30, 二氧化碳, 384, ppm
2026-03-02 22:26:30, 火焰强度, 1, level
2026-03-02 22:26:30, 亮度, 1, lux
2026-03-02 22:26:40, 温度, 17, ℃
2026-03-02 22:26:40, 湿度, 63, rh%
2026-03-02 22:26:40, 二氧化碳, 384, ppm
2026-03-02 22:26:40, 火焰强度, 1, level
2026-03-02 22:26:40, 亮度, 1, lux
2026-03-02 22:26:50, 温度, 17, ℃
2026-03-02 22:26:50, 湿度, 63, rh%
2026-03-02 22:26:50, 二氧化碳, 384, ppm
2026-03-02 22:26:50, 火焰强度, 1, level
2026-03-02 22:26:50, 亮度, 1, lux
2026-03-02 22:27:00, 温度, 17, ℃
2026-03-02 22:27:00, 湿度, 63, rh%
2026-03-02 22:27:00, 二氧化碳, 384, ppm
2026-03-02 22:27:00, 火焰强度, 1, level
2026-03-02 22:27:00, 亮度, 1, lux
2026-03-02 22:27:10, 温度, 17, ℃
2026-03-02 22:27:10, 湿度, 63, rh%
2026-03-02 22:27:10, 二氧化碳, 384, ppm
2026-03-02 22:27:10, 火焰强度, 1, level
2026-03-02 22:27:10, 亮度, 1, lux
2026-03-02 22:27:20, 温度, 17, ℃
2026-03-02 22:27:20, 湿度, 63, rh%
2026-03-02 22:27:20, 二氧化碳, 384, ppm
2026-03-02 22:27:20, 火焰强度, 1, level
2026-03-02 22:27:20, 亮度, 1, lux
2026-03-02 22:27:30, 温度, 17, ℃
2026-03-02 22:27:30, 湿度, 63, rh%
2026-03-02 22:27:30, 二氧化碳, 384, ppm
2026-03-02 22:27:30, 火焰强度, 1, level
2026-03-02 22:27:30, 亮度, 1, lux
2026-03-02 22:27:40, 温度, 17, ℃
2026-03-02 22:27:40, 湿度, 63, rh%
2026-03-02 22:27:40, 二氧化碳, 384, ppm
2026-03-02 22:27:40, 火焰强度, 1, level
2026-03-02 22:27:40, 亮度, 1, lux
2026-03-02 22:27:50, 温度, 17, ℃
2026-03-02 22:27:50, 湿度, 63, rh%
2026-03-02 22:27:50, 二氧化碳, 384, ppm
2026-03-02 22:27:50, 火焰强度, 1, level
2026-03-02 22:27:50, 亮度, 1, lux
2026-03-02 22:28:00, 温度, 17, ℃
2026-03-02 22:28:00, 湿度, 63, rh%
2026-03-02 22:28:00, 二氧化碳, 384, ppm
2026-03-02 22:28:00, 火焰强度, 1, level
2026-03-02 22:28:00, 亮度, 1, lux
2026-03-02 22:28:10, 温度, 17, ℃
2026-03-02 22:28:10, 湿度, 63, rh%
2026-03-02 22:28:10, 二氧化碳, 384, ppm
2026-03-02 22:28:10, 火焰强度, 1, level
2026-03-02 22:28:10, 亮度, 1, lux
2026-03-02 22:28:21, 温度, 17, ℃
2026-03-02 22:28:21, 湿度, 63, rh%
2026-03-02 22:28:21, 二氧化碳, 384, ppm
2026-03-02 22:28:21, 火焰强度, 1, level
2026-03-02 22:28:21, 亮度, 1, lux
2026-03-02 22:28:31, 温度, 17, ℃
2026-03-02 22:28:31, 湿度, 63, rh%
2026-03-02 22:28:31, 二氧化碳, 384, ppm
2026-03-02 22:28:31, 火焰强度, 1, level
2026-03-02 22:28:31, 亮度, 1, lux
2026-03-02 22:28:41, 温度, 17, ℃
2026-03-02 22:28:41, 湿度, 63, rh%
2026-03-02 22:28:41, 二氧化碳, 384, ppm
2026-03-02 22:28:41, 火焰强度, 1, level
2026-03-02 22:28:41, 亮度, 1, lux
2026-03-02 22:28:51, 温度, 17, ℃
2026-03-02 22:28:51, 湿度, 63, rh%
2026-03-02 22:28:51, 二氧化碳, 384, ppm
2026-03-02 22:28:51, 火焰强度, 1, level
2026-03-02 22:28:51, 亮度, 1, lux
2026-03-02 22:29:01, 温度, 17, ℃
2026-03-02 22:29:01, 湿度, 63, rh%
2026-03-02 22:29:01, 二氧化碳, 384, ppm
2026-03-02 22:29:01, 火焰强度, 1, level
2026-03-02 22:29:01, 亮度, 1, lux
2026-03-02 22:29:11, 温度, 17, ℃
2026-03-02 22:29:11, 湿度, 63, rh%
2026-03-02 22:29:11, 二氧化碳, 384, ppm
2026-03-02 22:29:11, 火焰强度, 1, level
2026-03-02 22:29:11, 亮度, 1, lux
2026-03-02 22:29:21, 温度, 17, ℃
2026-03-02 22:29:21, 湿度, 63, rh%
2026-03-02 22:29:21, 二氧化碳, 384, ppm
2026-03-02 22:29:21, 火焰强度, 1, level
2026-03-02 22:29:21, 亮度, 1, lux
2026-03-02 22:29:31, 温度, 17, ℃
2026-03-02 22:29:31, 湿度, 63, rh%
2026-03-02 22:29:31, 二氧化碳, 384, ppm
2026-03-02 22:29:31, 火焰强度, 1, level
2026-03-02 22:29:31, 亮度, 1, lux
2026-03-02 22:29:41, 温度, 17, ℃
2026-03-02 22:29:41, 湿度, 63, rh%
2026-03-02 22:29:41, 二氧化碳, 384, ppm
2026-03-02 22:29:41, 火焰强度, 1, level
2026-03-02 22:29:41, 亮度, 1, lux
2026-03-02 22:29:51, 温度, 17, ℃
2026-03-02 22:29:51, 湿度, 63, rh%
2026-03-02 22:29:51, 二氧化碳, 384, ppm
2026-03-02 22:29:51, 火焰强度, 1, level
2026-03-02 22:29:51, 亮度, 1, lux
2026-03-02 22:30:01, 温度, 17, ℃
2026-03-02 22:30:01, 湿度, 63, rh%
2026-03-02 22:30:01, 二氧化碳, 384, ppm
2026-03-02 22:30:01, 火焰强度, 1, level
2026-03-02 22:30:01, 亮度, 1, lux
2026-03-02 22:30:11, 温度, 17, ℃
2026-03-02 22:30:11, 湿度, 63, rh%
2026-03-02 22:30:11, 二氧化碳, 384, ppm
2026-03-02 22:30:11, 火焰强度, 1, level
2026-03-02 22:30:11, 亮度, 1, lux
2026-03-02 22:30:21, 温度, 17, ℃
2026-03-02 22:30:21, 湿度, 63, rh%
2026-03-02 22:30:21, 二氧化碳, 384, ppm
2026-03-02 22:30:21, 火焰强度, 1, level
2026-03-02 22:30:21, 亮度, 1, lux
2026-03-02 22:30:31, 温度, 17, ℃
2026-03-02 22:30:31, 湿度, 63, rh%
2026-03-02 22:30:31, 二氧化碳, 0, ppm
2026-03-02 22:30:31, 火焰强度, 1, level
2026-03-02 22:30:31, 亮度, 74, lux
2026-03-02 22:30:41, 温度, 17, ℃
2026-03-02 22:30:41, 湿度, 63, rh%
2026-03-02 22:30:41, 二氧化碳, 0, ppm
2026-03-02 22:30:41, 火焰强度, 1, level
2026-03-02 22:30:41, 亮度, 109, lux
2026-03-02 22:30:51, 温度, 17, ℃
2026-03-02 22:30:51, 湿度, 47, rh%
2026-03-02 22:30:51, 二氧化碳, 0, ppm
2026-03-02 22:30:51, 火焰强度, 1, level
2026-03-02 22:30:51, 亮度, 109, lux
2026-03-02 22:31:01, 温度, 17, ℃
2026-03-02 22:31:01, 湿度, 47, rh%
2026-03-02 22:31:01, 二氧化碳, 0, ppm
2026-03-02 22:31:01, 火焰强度, 1, level
2026-03-02 22:31:01, 亮度, 109, lux
2026-03-02 22:31:11, 温度, 17, ℃
2026-03-02 22:31:11, 湿度, 47, rh%
2026-03-02 22:31:11, 二氧化碳, 0, ppm
2026-03-02 22:31:11, 火焰强度, 1, level
2026-03-02 22:31:11, 亮度, 109, lux
2026-03-02 22:31:21, 温度, 17, ℃
2026-03-02 22:31:21, 湿度, 47, rh%
2026-03-02 22:31:21, 二氧化碳, 0, ppm
2026-03-02 22:31:21, 火焰强度, 1, level
2026-03-02 22:31:21, 亮度, 109, lux
2026-03-02 22:31:31, 温度, 17, ℃
2026-03-02 22:31:31, 湿度, 47, rh%
2026-03-02 22:31:31, 二氧化碳, 0, ppm
2026-03-02 22:31:31, 火焰强度, 1, level
2026-03-02 22:31:31, 亮度, 109, lux
2026-03-02 22:31:41, 温度, 17, ℃
2026-03-02 22:31:41, 湿度, 47, rh%
2026-03-02 22:31:41, 二氧化碳, 0, ppm
2026-03-02 22:31:41, 火焰强度, 1, level
2026-03-02 22:31:41, 亮度, 109, lux
2026-03-02 22:31:51, 温度, 17, ℃
2026-03-02 22:31:51, 湿度, 47, rh%
2026-03-02 22:31:51, 二氧化碳, 0, ppm
2026-03-02 22:31:51, 火焰强度, 1, level
2026-03-02 22:31:51, 亮度, 109, lux
2026-03-02 22:32:01, 温度, 17, ℃
2026-03-02 22:32:01, 湿度, 47, rh%
2026-03-02 22:32:01, 二氧化碳, 0, ppm
2026-03-02 22:32:01, 火焰强度, 1, level
2026-03-02 22:32:01, 亮度, 109, lux
2026-03-02 22:32:11, 温度, 17, ℃
2026-03-02 22:32:11, 湿度, 47, rh%
2026-03-02 22:32:11, 二氧化碳, 0, ppm
2026-03-02 22:32:11, 火焰强度, 1, level
2026-03-02 22:32:11, 亮度, 109, lux
2026-03-02 22:32:21, 温度, 17, ℃
2026-03-02 22:32:21, 湿度, 47, rh%
2026-03-02 22:32:21, 二氧化碳, 0, ppm
2026-03-02 22:32:21, 火焰强度, 1, level
2026-03-02 22:32:21, 亮度, 109, lux
2026-03-02 22:32:31, 温度, 17, ℃
2026-03-02 22:32:31, 湿度, 47, rh%
2026-03-02 22:32:31, 二氧化碳, 0, ppm
2026-03-02 22:32:31, 火焰强度, 1, level
2026-03-02 22:32:31, 亮度, 109, lux
2026-03-02 22:32:41, 温度, 17, ℃
2026-03-02 22:32:41, 湿度, 47, rh%
2026-03-02 22:32:41, 二氧化碳, 0, ppm
2026-03-02 22:32:41, 火焰强度, 1, level
2026-03-02 22:32:41, 亮度, 109, lux
2026-03-02 22:32:51, 温度, 17, ℃
2026-03-02 22:32:51, 湿度, 47, rh%
2026-03-02 22:32:51, 二氧化碳, 0, ppm
2026-03-02 22:32:51, 火焰强度, 1, level
2026-03-02 22:32:51, 亮度, 109, lux
2026-03-02 22:33:01, 温度, 17, ℃
2026-03-02 22:33:01, 湿度, 47, rh%
2026-03-02 22:33:01, 二氧化碳, 0, ppm
2026-03-02 22:33:01, 火焰强度, 1, level
2026-03-02 22:33:01, 亮度, 109, lux
2026-03-02 22:33:11, 温度, 17, ℃
2026-03-02 22:33:11, 湿度, 47, rh%
2026-03-02 22:33:11, 二氧化碳, 0, ppm
2026-03-02 22:33:11, 火焰强度, 1, level
2026-03-02 22:33:11, 亮度, 109, lux
2026-03-02 22:33:21, 温度, 17, ℃
2026-03-02 22:33:21, 湿度, 47, rh%
2026-03-02 22:33:21, 二氧化碳, 0, ppm
2026-03-02 22:33:21, 火焰强度, 1, level
2026-03-02 22:33:21, 亮度, 109, lux
2026-03-02 22:33:31, 温度, 17, ℃
2026-03-02 22:33:31, 湿度, 47, rh%
2026-03-02 22:33:31, 二氧化碳, 0, ppm
2026-03-02 22:33:31, 火焰强度, 1, level
2026-03-02 22:33:31, 亮度, 109, lux
2026-03-02 22:33:42, 温度, 17, ℃
2026-03-02 22:33:42, 湿度, 47, rh%
2026-03-02 22:33:42, 二氧化碳, 0, ppm
2026-03-02 22:33:42, 火焰强度, 1, level
2026-03-02 22:33:42, 亮度, 109, lux
2026-03-02 22:33:52, 温度, 17, ℃
2026-03-02 22:33:52, 湿度, 47, rh%
2026-03-02 22:33:52, 二氧化碳, 0, ppm
2026-03-02 22:33:52, 火焰强度, 1, level
2026-03-02 22:33:52, 亮度, 109, lux
2026-03-02 22:34:02, 温度, 17, ℃
2026-03-02 22:34:02, 湿度, 47, rh%
2026-03-02 22:34:02, 二氧化碳, 0, ppm
2026-03-02 22:34:02, 火焰强度, 1, level
2026-03-02 22:34:02, 亮度, 109, lux
2026-03-02 22:34:12, 温度, 17, ℃
2026-03-02 22:34:12, 湿度, 47, rh%
2026-03-02 22:34:12, 二氧化碳, 0, ppm
2026-03-02 22:34:12, 火焰强度, 1, level
2026-03-02 22:34:12, 亮度, 109, lux
2026-03-02 22:34:22, 温度, 17, ℃
2026-03-02 22:34:22, 湿度, 47, rh%
2026-03-02 22:34:22, 二氧化碳, 0, ppm
2026-03-02 22:34:22, 火焰强度, 1, level
2026-03-02 22:34:22, 亮度, 109, lux
2026-03-02 22:34:32, 温度, 17, ℃
2026-03-02 22:34:32, 湿度, 47, rh%
2026-03-02 22:34:32, 二氧化碳, 0, ppm
2026-03-02 22:34:32, 火焰强度, 1, level
2026-03-02 22:34:32, 亮度, 109, lux
2026-03-02 22:34:42, 温度, 17, ℃
2026-03-02 22:34:42, 湿度, 47, rh%
2026-03-02 22:34:42, 二氧化碳, 0, ppm
2026-03-02 22:34:42, 火焰强度, 1, level
2026-03-02 22:34:42, 亮度, 109, lux
2026-03-02 22:34:52, 温度, 17, ℃
2026-03-02 22:34:52, 湿度, 47, rh%
2026-03-02 22:34:52, 二氧化碳, 0, ppm
2026-03-02 22:34:52, 火焰强度, 1, level
2026-03-02 22:34:52, 亮度, 109, lux
2026-03-02 22:35:02, 温度, 17, ℃
2026-03-02 22:35:02, 湿度, 47, rh%
2026-03-02 22:35:02, 二氧化碳, 0, ppm
2026-03-02 22:35:02, 火焰强度, 1, level
2026-03-02 22:35:02, 亮度, 109, lux
2026-03-02 22:35:12, 温度, 17, ℃
2026-03-02 22:35:12, 湿度, 47, rh%
2026-03-02 22:35:12, 二氧化碳, 0, ppm
2026-03-02 22:35:12, 火焰强度, 1, level
2026-03-02 22:35:12, 亮度, 109, lux
2026-03-02 22:35:22, 温度, 17, ℃
2026-03-02 22:35:22, 湿度, 47, rh%
2026-03-02 22:35:22, 二氧化碳, 0, ppm
2026-03-02 22:35:22, 火焰强度, 1, level
2026-03-02 22:35:22, 亮度, 109, lux
2026-03-02 22:35:32, 温度, 17, ℃
2026-03-02 22:35:32, 湿度, 47, rh%
2026-03-02 22:35:32, 二氧化碳, 0, ppm
2026-03-02 22:35:32, 火焰强度, 1, level
2026-03-02 22:35:32, 亮度, 109, lux
2026-03-02 22:35:42, 温度, 17, ℃
2026-03-02 22:35:42, 湿度, 47, rh%
2026-03-02 22:35:42, 二氧化碳, 0, ppm
2026-03-02 22:35:42, 火焰强度, 1, level
2026-03-02 22:35:42, 亮度, 109, lux
2026-03-02 22:35:52, 温度, 17, ℃
2026-03-02 22:35:52, 湿度, 47, rh%
2026-03-02 22:35:52, 二氧化碳, 0, ppm
2026-03-02 22:35:52, 火焰强度, 1, level
2026-03-02 22:35:52, 亮度, 109, lux
2026-03-02 22:36:02, 温度, 17, ℃
2026-03-02 22:36:02, 湿度, 47, rh%
2026-03-02 22:36:02, 二氧化碳, 0, ppm
2026-03-02 22:36:02, 火焰强度, 1, level
2026-03-02 22:36:02, 亮度, 109, lux
2026-03-02 22:36:12, 温度, 17, ℃
2026-03-02 22:36:12, 湿度, 47, rh%
2026-03-02 22:36:12, 二氧化碳, 0, ppm
2026-03-02 22:36:12, 火焰强度, 1, level
2026-03-02 22:36:12, 亮度, 109, lux
2026-03-02 22:36:22, 温度, 17, ℃
2026-03-02 22:36:22, 湿度, 47, rh%
2026-03-02 22:36:22, 二氧化碳, 0, ppm
2026-03-02 22:36:22, 火焰强度, 1, level
2026-03-02 22:36:22, 亮度, 109, lux
2026-03-02 22:36:32, 温度, 17, ℃
2026-03-02 22:36:32, 湿度, 47, rh%
2026-03-02 22:36:32, 二氧化碳, 0, ppm
2026-03-02 22:36:32, 火焰强度, 1, level
2026-03-02 22:36:32, 亮度, 109, lux
2026-03-02 22:36:42, 温度, 17, ℃
2026-03-02 22:36:42, 湿度, 47, rh%
2026-03-02 22:36:42, 二氧化碳, 0, ppm
2026-03-02 22:36:42, 火焰强度, 1, level
2026-03-02 22:36:42, 亮度, 109, lux
2026-03-02 22:36:52, 温度, 17, ℃
2026-03-02 22:36:52, 湿度, 47, rh%
2026-03-02 22:36:52, 二氧化碳, 0, ppm
2026-03-02 22:36:52, 火焰强度, 1, level
2026-03-02 22:36:52, 亮度, 109, lux
2026-03-02 22:37:02, 温度, 17, ℃
2026-03-02 22:37:02, 湿度, 47, rh%
2026-03-02 22:37:02, 二氧化碳, 0, ppm
2026-03-02 22:37:02, 火焰强度, 1, level
2026-03-02 22:37:02, 亮度, 109, lux
2026-03-02 22:37:12, 温度, 17, ℃
2026-03-02 22:37:12, 湿度, 47, rh%
2026-03-02 22:37:12, 二氧化碳, 0, ppm
2026-03-02 22:37:12, 火焰强度, 1, level
2026-03-02 22:37:12, 亮度, 109, lux
2026-03-02 22:37:22, 温度, 17, ℃
2026-03-02 22:37:22, 湿度, 47, rh%
2026-03-02 22:37:22, 二氧化碳, 0, ppm
2026-03-02 22:37:22, 火焰强度, 1, level
2026-03-02 22:37:22, 亮度, 109, lux
2026-03-02 22:37:32, 温度, 17, ℃
2026-03-02 22:37:32, 湿度, 47, rh%
2026-03-02 22:37:32, 二氧化碳, 0, ppm
2026-03-02 22:37:32, 火焰强度, 1, level
2026-03-02 22:37:32, 亮度, 109, lux
2026-03-02 22:37:42, 温度, 17, ℃
2026-03-02 22:37:42, 湿度, 47, rh%
2026-03-02 22:37:42, 二氧化碳, 0, ppm
2026-03-02 22:37:42, 火焰强度, 1, level
2026-03-02 22:37:42, 亮度, 109, lux
2026-03-02 22:37:52, 温度, 17, ℃
2026-03-02 22:37:52, 湿度, 47, rh%
2026-03-02 22:37:52, 二氧化碳, 0, ppm
2026-03-02 22:37:52, 火焰强度, 1, level
2026-03-02 22:37:52, 亮度, 109, lux
2026-03-02 22:38:02, 温度, 17, ℃
2026-03-02 22:38:02, 湿度, 47, rh%
2026-03-02 22:38:02, 二氧化碳, 0, ppm
2026-03-02 22:38:02, 火焰强度, 1, level
2026-03-02 22:38:02, 亮度, 109, lux
2026-03-02 22:38:12, 温度, 17, ℃
2026-03-02 22:38:12, 湿度, 47, rh%
2026-03-02 22:38:12, 二氧化碳, 0, ppm
2026-03-02 22:38:12, 火焰强度, 1, level
2026-03-02 22:38:12, 亮度, 109, lux
2026-03-02 22:38:22, 温度, 17, ℃
2026-03-02 22:38:22, 湿度, 47, rh%
2026-03-02 22:38:22, 二氧化碳, 0, ppm
2026-03-02 22:38:22, 火焰强度, 1, level
2026-03-02 22:38:22, 亮度, 109, lux
2026-03-02 22:38:32, 温度, 17, ℃
2026-03-02 22:38:32, 湿度, 47, rh%
2026-03-02 22:38:32, 二氧化碳, 0, ppm
2026-03-02 22:38:32, 火焰强度, 1, level
2026-03-02 22:38:32, 亮度, 109, lux
2026-03-02 22:38:42, 温度, 17, ℃
2026-03-02 22:38:42, 湿度, 47, rh%
2026-03-02 22:38:42, 二氧化碳, 0, ppm
2026-03-02 22:38:42, 火焰强度, 1, level
2026-03-02 22:38:42, 亮度, 109, lux
2026-03-02 22:38:53, 温度, 17, ℃
2026-03-02 22:38:53, 湿度, 47, rh%
2026-03-02 22:38:53, 二氧化碳, 0, ppm
2026-03-02 22:38:53, 火焰强度, 1, level
2026-03-02 22:38:53, 亮度, 109, lux
2026-03-02 22:39:03, 温度, 17, ℃
2026-03-02 22:39:03, 湿度, 47, rh%
2026-03-02 22:39:03, 二氧化碳, 0, ppm
2026-03-02 22:39:03, 火焰强度, 1, level
2026-03-02 22:39:03, 亮度, 109, lux
2026-03-02 22:39:13, 温度, 17, ℃
2026-03-02 22:39:13, 湿度, 47, rh%
2026-03-02 22:39:13, 二氧化碳, 0, ppm
2026-03-02 22:39:13, 火焰强度, 1, level
2026-03-02 22:39:13, 亮度, 109, lux
2026-03-02 22:39:23, 温度, 17, ℃
2026-03-02 22:39:23, 湿度, 47, rh%
2026-03-02 22:39:23, 二氧化碳, 0, ppm
2026-03-02 22:39:23, 火焰强度, 1, level
2026-03-02 22:39:23, 亮度, 109, lux
2026-03-02 22:39:33, 温度, 17, ℃
2026-03-02 22:39:33, 湿度, 47, rh%
2026-03-02 22:39:33, 二氧化碳, 0, ppm
2026-03-02 22:39:33, 火焰强度, 1, level
2026-03-02 22:39:33, 亮度, 109, lux
2026-03-02 22:39:43, 温度, 17, ℃
2026-03-02 22:39:43, 湿度, 47, rh%
2026-03-02 22:39:43, 二氧化碳, 0, ppm
2026-03-02 22:39:43, 火焰强度, 1, level
2026-03-02 22:39:43, 亮度, 109, lux
2026-03-02 22:39:53, 温度, 17, ℃
2026-03-02 22:39:53, 湿度, 47, rh%
2026-03-02 22:39:53, 二氧化碳, 0, ppm
2026-03-02 22:39:53, 火焰强度, 1, level
2026-03-02 22:39:53, 亮度, 109, lux
2026-03-02 22:40:03, 温度, 17, ℃
2026-03-02 22:40:03, 湿度, 47, rh%
2026-03-02 22:40:03, 二氧化碳, 0, ppm
2026-03-02 22:40:03, 火焰强度, 1, level
2026-03-02 22:40:03, 亮度, 109, lux
2026-03-02 22:40:13, 温度, 17, ℃
2026-03-02 22:40:13, 湿度, 47, rh%
2026-03-02 22:40:13, 二氧化碳, 0, ppm
2026-03-02 22:40:13, 火焰强度, 1, level
2026-03-02 22:40:13, 亮度, 109, lux
2026-03-02 22:40:23, 温度, 17, ℃
2026-03-02 22:40:23, 湿度, 47, rh%
2026-03-02 22:40:23, 二氧化碳, 0, ppm
2026-03-02 22:40:23, 火焰强度, 1, level
2026-03-02 22:40:23, 亮度, 109, lux
2026-03-02 22:40:33, 温度, 17, ℃
2026-03-02 22:40:33, 湿度, 80, rh%
2026-03-02 22:40:33, 二氧化碳, 0, ppm
2026-03-02 22:40:33, 火焰强度, 1, level
2026-03-02 22:40:33, 亮度, 109, lux
2026-03-02 22:40:43, 温度, 17, ℃
2026-03-02 22:40:43, 湿度, 80, rh%
2026-03-02 22:40:43, 二氧化碳, 0, ppm
2026-03-02 22:40:43, 火焰强度, 1, level
2026-03-02 22:40:43, 亮度, 109, lux
2026-03-02 22:40:53, 温度, 18, ℃
2026-03-02 22:40:53, 湿度, 80, rh%
2026-03-02 22:40:53, 二氧化碳, 685, ppm
2026-03-02 22:40:53, 火焰强度, 1, level
2026-03-02 22:40:53, 亮度, 68, lux
2026-03-02 22:41:03, 温度, 18, ℃
2026-03-02 22:41:03, 湿度, 80, rh%
2026-03-02 22:41:03, 二氧化碳, 645, ppm
2026-03-02 22:41:03, 火焰强度, 1, level
2026-03-02 22:41:03, 亮度, 68, lux
2026-03-02 22:41:13, 温度, 17, ℃
2026-03-02 22:41:13, 湿度, 80, rh%
2026-03-02 22:41:13, 二氧化碳, 692, ppm
2026-03-02 22:41:13, 火焰强度, 1, level
2026-03-02 22:41:13, 亮度, 73, lux
2026-03-02 22:41:23, 温度, 17, ℃
2026-03-02 22:41:23, 湿度, 80, rh%
2026-03-02 22:41:23, 二氧化碳, 1316, ppm
2026-03-02 22:41:23, 火焰强度, 1, level
2026-03-02 22:41:23, 亮度, 73, lux
2026-03-02 22:41:33, 温度, 17, ℃
2026-03-02 22:41:33, 湿度, 80, rh%
2026-03-02 22:41:33, 二氧化碳, 1316, ppm
2026-03-02 22:41:33, 火焰强度, 1171, level
2026-03-02 22:41:33, 亮度, 73, lux
2026-03-02 22:41:43, 温度, 17, ℃
2026-03-02 22:41:43, 湿度, 80, rh%
2026-03-02 22:41:43, 二氧化碳, 1316, ppm
2026-03-02 22:41:43, 火焰强度, 1171, level
2026-03-02 22:41:43, 亮度, 73, lux
2026-03-02 22:41:53, 温度, 17, ℃
2026-03-02 22:41:53, 湿度, 80, rh%
2026-03-02 22:41:53, 二氧化碳, 1316, ppm
2026-03-02 22:41:53, 火焰强度, 957, level
2026-03-02 22:41:53, 亮度, 73, lux
2026-03-02 22:42:03, 温度, 17, ℃
2026-03-02 22:42:03, 湿度, 80, rh%
2026-03-02 22:42:03, 二氧化碳, 1316, ppm
2026-03-02 22:42:03, 火焰强度, 957, level
2026-03-02 22:42:03, 亮度, 73, lux
2026-03-02 22:42:13, 温度, 17, ℃
2026-03-02 22:42:13, 湿度, 80, rh%
2026-03-02 22:42:13, 二氧化碳, 1316, ppm
2026-03-02 22:42:13, 火焰强度, 957, level
2026-03-02 22:42:13, 亮度, 73, lux
2026-03-02 22:42:23, 温度, 17, ℃
2026-03-02 22:42:23, 湿度, 80, rh%
2026-03-02 22:42:23, 二氧化碳, 1316, ppm
2026-03-02 22:42:23, 火焰强度, 957, level
2026-03-02 22:42:23, 亮度, 73, lux
2026-03-02 22:42:33, 温度, 17, ℃
2026-03-02 22:42:33, 湿度, 80, rh%
2026-03-02 22:42:33, 二氧化碳, 1316, ppm
2026-03-02 22:42:33, 火焰强度, 957, level
2026-03-02 22:42:33, 亮度, 73, lux
2026-03-02 22:42:43, 温度, 17, ℃
2026-03-02 22:42:43, 湿度, 80, rh%
2026-03-02 22:42:43, 二氧化碳, 1316, ppm
2026-03-02 22:42:43, 火焰强度, 957, level
2026-03-02 22:42:43, 亮度, 73, lux
2026-03-02 22:42:53, 温度, 17, ℃
2026-03-02 22:42:53, 湿度, 80, rh%
2026-03-02 22:42:53, 二氧化碳, 1316, ppm
2026-03-02 22:42:53, 火焰强度, 957, level
2026-03-02 22:42:53, 亮度, 73, lux
2026-03-02 22:43:03, 温度, 17, ℃
2026-03-02 22:43:03, 湿度, 80, rh%
2026-03-02 22:43:03, 二氧化碳, 1316, ppm
2026-03-02 22:43:03, 火焰强度, 957, level
2026-03-02 22:43:03, 亮度, 73, lux
2026-03-02 22:43:13, 温度, 17, ℃
2026-03-02 22:43:13, 湿度, 80, rh%
2026-03-02 22:43:13, 二氧化碳, 1316, ppm
2026-03-02 22:43:13, 火焰强度, 957, level
2026-03-02 22:43:13, 亮度, 73, lux
2026-03-02 22:43:23, 温度, 17, ℃
2026-03-02 22:43:23, 湿度, 80, rh%
2026-03-02 22:43:23, 二氧化碳, 1316, ppm
2026-03-02 22:43:23, 火焰强度, 957, level
2026-03-02 22:43:23, 亮度, 73, lux
2026-03-02 22:43:33, 温度, 17, ℃
2026-03-02 22:43:33, 湿度, 80, rh%
2026-03-02 22:43:33, 二氧化碳, 1316, ppm
2026-03-02 22:43:33, 火焰强度, 957, level
2026-03-02 22:43:33, 亮度, 73, lux
2026-03-02 22:43:43, 温度, 17, ℃
2026-03-02 22:43:43, 湿度, 80, rh%
2026-03-02 22:43:43, 二氧化碳, 1316, ppm
2026-03-02 22:43:43, 火焰强度, 957, level
2026-03-02 22:43:43, 亮度, 73, lux
2026-03-02 22:43:53, 温度, 17, ℃
2026-03-02 22:43:53, 湿度, 80, rh%
2026-03-02 22:43:53, 二氧化碳, 1316, ppm
2026-03-02 22:43:53, 火焰强度, 957, level
2026-03-02 22:43:53, 亮度, 73, lux
2026-03-02 22:44:03, 温度, 17, ℃
2026-03-02 22:44:03, 湿度, 80, rh%
2026-03-02 22:44:03, 二氧化碳, 1316, ppm
2026-03-02 22:44:03, 火焰强度, 957, level
2026-03-02 22:44:03, 亮度, 73, lux
2026-03-02 22:44:13, 温度, 17, ℃
2026-03-02 22:44:13, 湿度, 80, rh%
2026-03-02 22:44:13, 二氧化碳, 1316, ppm
2026-03-02 22:44:13, 火焰强度, 957, level
2026-03-02 22:44:13, 亮度, 73, lux
2026-03-02 22:44:23, 温度, 17, ℃
2026-03-02 22:44:23, 湿度, 80, rh%
2026-03-02 22:44:23, 二氧化碳, 1316, ppm
2026-03-02 22:44:23, 火焰强度, 957, level
2026-03-02 22:44:23, 亮度, 73, lux
2026-03-02 22:44:33, 温度, 17, ℃
2026-03-02 22:44:33, 湿度, 80, rh%
2026-03-02 22:44:33, 二氧化碳, 1316, ppm
2026-03-02 22:44:33, 火焰强度, 957, level
2026-03-02 22:44:33, 亮度, 73, lux
2026-03-02 22:44:43, 温度, 17, ℃
2026-03-02 22:44:43, 湿度, 80, rh%
2026-03-02 22:44:43, 二氧化碳, 1316, ppm
2026-03-02 22:44:43, 火焰强度, 957, level
2026-03-02 22:44:43, 亮度, 73, lux
2026-03-02 22:44:54, 温度, 17, ℃
2026-03-02 22:44:54, 湿度, 80, rh%
2026-03-02 22:44:54, 二氧化碳, 1316, ppm
2026-03-02 22:44:54, 火焰强度, 957, level
2026-03-02 22:44:54, 亮度, 73, lux
2026-03-02 22:45:04, 温度, 17, ℃
2026-03-02 22:45:04, 湿度, 80, rh%
2026-03-02 22:45:04, 二氧化碳, 1316, ppm
2026-03-02 22:45:04, 火焰强度, 957, level
2026-03-02 22:45:04, 亮度, 73, lux
2026-03-02 22:45:14, 温度, 17, ℃
2026-03-02 22:45:14, 湿度, 80, rh%
2026-03-02 22:45:14, 二氧化碳, 1316, ppm
2026-03-02 22:45:14, 火焰强度, 957, level
2026-03-02 22:45:14, 亮度, 73, lux
2026-03-02 22:45:24, 温度, 17, ℃
2026-03-02 22:45:24, 湿度, 80, rh%
2026-03-02 22:45:24, 二氧化碳, 1316, ppm
2026-03-02 22:45:24, 火焰强度, 957, level
2026-03-02 22:45:24, 亮度, 73, lux
2026-03-02 22:45:34, 温度, 17, ℃
2026-03-02 22:45:34, 湿度, 80, rh%
2026-03-02 22:45:34, 二氧化碳, 1316, ppm
2026-03-02 22:45:34, 火焰强度, 957, level
2026-03-02 22:45:34, 亮度, 73, lux
2026-03-02 22:45:44, 温度, 17, ℃
2026-03-02 22:45:44, 湿度, 80, rh%
2026-03-02 22:45:44, 二氧化碳, 1316, ppm
2026-03-02 22:45:44, 火焰强度, 957, level
2026-03-02 22:45:44, 亮度, 73, lux
2026-03-02 22:45:54, 温度, 17, ℃
2026-03-02 22:45:54, 湿度, 80, rh%
2026-03-02 22:45:54, 二氧化碳, 1316, ppm
2026-03-02 22:45:54, 火焰强度, 957, level
2026-03-02 22:45:54, 亮度, 73, lux
2026-03-02 22:46:04, 温度, 17, ℃
2026-03-02 22:46:04, 湿度, 80, rh%
2026-03-02 22:46:04, 二氧化碳, 1316, ppm
2026-03-02 22:46:04, 火焰强度, 957, level
2026-03-02 22:46:04, 亮度, 73, lux
2026-03-02 22:46:14, 温度, 17, ℃
2026-03-02 22:46:14, 湿度, 80, rh%
2026-03-02 22:46:14, 二氧化碳, 1316, ppm
2026-03-02 22:46:14, 火焰强度, 957, level
2026-03-02 22:46:14, 亮度, 73, lux
2026-03-02 22:46:24, 温度, 17, ℃
2026-03-02 22:46:24, 湿度, 80, rh%
2026-03-02 22:46:24, 二氧化碳, 1316, ppm
2026-03-02 22:46:24, 火焰强度, 957, level
2026-03-02 22:46:24, 亮度, 73, lux
2026-03-02 22:46:34, 温度, 17, ℃
2026-03-02 22:46:34, 湿度, 80, rh%
2026-03-02 22:46:34, 二氧化碳, 1316, ppm
2026-03-02 22:46:34, 火焰强度, 957, level
2026-03-02 22:46:34, 亮度, 73, lux
2026-03-02 22:46:44, 温度, 17, ℃
2026-03-02 22:46:44, 湿度, 80, rh%
2026-03-02 22:46:44, 二氧化碳, 1316, ppm
2026-03-02 22:46:44, 火焰强度, 957, level
2026-03-02 22:46:44, 亮度, 73, lux
2026-03-02 22:46:54, 温度, 17, ℃
2026-03-02 22:46:54, 湿度, 80, rh%
2026-03-02 22:46:54, 二氧化碳, 1316, ppm
2026-03-02 22:46:54, 火焰强度, 957, level
2026-03-02 22:46:54, 亮度, 73, lux
2026-03-02 22:47:04, 温度, 17, ℃
2026-03-02 22:47:04, 湿度, 80, rh%
2026-03-02 22:47:04, 二氧化碳, 1316, ppm
2026-03-02 22:47:04, 火焰强度, 957, level
2026-03-02 22:47:04, 亮度, 73, lux
2026-03-02 22:47:14, 温度, 17, ℃
2026-03-02 22:47:14, 湿度, 80, rh%
2026-03-02 22:47:14, 二氧化碳, 1316, ppm
2026-03-02 22:47:14, 火焰强度, 957, level
2026-03-02 22:47:14, 亮度, 73, lux
2026-03-02 22:47:24, 温度, 17, ℃
2026-03-02 22:47:24, 湿度, 80, rh%
2026-03-02 22:47:24, 二氧化碳, 1316, ppm
2026-03-02 22:47:24, 火焰强度, 957, level
2026-03-02 22:47:24, 亮度, 73, lux
2026-03-02 22:47:34, 温度, 17, ℃
2026-03-02 22:47:34, 湿度, 80, rh%
2026-03-02 22:47:34, 二氧化碳, 1316, ppm
2026-03-02 22:47:34, 火焰强度, 957, level
2026-03-02 22:47:34, 亮度, 73, lux
2026-03-02 22:47:44, 温度, 17, ℃
2026-03-02 22:47:44, 湿度, 80, rh%
2026-03-02 22:47:44, 二氧化碳, 1316, ppm
2026-03-02 22:47:44, 火焰强度, 957, level
2026-03-02 22:47:44, 亮度, 73, lux
2026-03-02 22:47:54, 温度, 17, ℃
2026-03-02 22:47:54, 湿度, 80, rh%
2026-03-02 22:47:54, 二氧化碳, 1316, ppm
2026-03-02 22:47:54, 火焰强度, 957, level
2026-03-02 22:47:54, 亮度, 73, lux
2026-03-02 22:48:04, 温度, 17, ℃
2026-03-02 22:48:04, 湿度, 80, rh%
2026-03-02 22:48:04, 二氧化碳, 1316, ppm
2026-03-02 22:48:04, 火焰强度, 957, level
2026-03-02 22:48:04, 亮度, 73, lux
2026-03-02 22:48:14, 温度, 17, ℃
2026-03-02 22:48:14, 湿度, 80, rh%
2026-03-02 22:48:14, 二氧化碳, 1316, ppm
2026-03-02 22:48:14, 火焰强度, 957, level
2026-03-02 22:48:14, 亮度, 73, lux
2026-03-02 22:48:24, 温度, 17, ℃
2026-03-02 22:48:24, 湿度, 80, rh%
2026-03-02 22:48:24, 二氧化碳, 1316, ppm
2026-03-02 22:48:24, 火焰强度, 957, level
2026-03-02 22:48:24, 亮度, 73, lux
2026-03-02 22:48:34, 温度, 17, ℃
2026-03-02 22:48:34, 湿度, 80, rh%
2026-03-02 22:48:34, 二氧化碳, 1316, ppm
2026-03-02 22:48:34, 火焰强度, 957, level
2026-03-02 22:48:34, 亮度, 73, lux
2026-03-02 22:48:44, 温度, 17, ℃
2026-03-02 22:48:44, 湿度, 80, rh%
2026-03-02 22:48:44, 二氧化碳, 1316, ppm
2026-03-02 22:48:44, 火焰强度, 957, level
2026-03-02 22:48:44, 亮度, 73, lux
2026-03-02 22:48:54, 温度, 17, ℃
2026-03-02 22:48:54, 湿度, 80, rh%
2026-03-02 22:48:54, 二氧化碳, 1316, ppm
2026-03-02 22:48:54, 火焰强度, 957, level
2026-03-02 22:48:54, 亮度, 73, lux
2026-03-02 22:49:04, 温度, 17, ℃
2026-03-02 22:49:04, 湿度, 80, rh%
2026-03-02 22:49:04, 二氧化碳, 1316, ppm
2026-03-02 22:49:04, 火焰强度, 957, level
2026-03-02 22:49:04, 亮度, 73, lux
2026-03-02 22:49:14, 温度, 17, ℃
2026-03-02 22:49:14, 湿度, 80, rh%
2026-03-02 22:49:14, 二氧化碳, 1316, ppm
2026-03-02 22:49:14, 火焰强度, 957, level
2026-03-02 22:49:14, 亮度, 73, lux
2026-03-02 22:49:24, 温度, 17, ℃
2026-03-02 22:49:24, 湿度, 80, rh%
2026-03-02 22:49:24, 二氧化碳, 1316, ppm
2026-03-02 22:49:24, 火焰强度, 957, level
2026-03-02 22:49:24, 亮度, 73, lux
2026-03-02 22:49:35, 温度, 17, ℃
2026-03-02 22:49:35, 湿度, 80, rh%
2026-03-02 22:49:35, 二氧化碳, 1316, ppm
2026-03-02 22:49:35, 火焰强度, 957, level
2026-03-02 22:49:35, 亮度, 73, lux
2026-03-02 22:49:45, 温度, 17, ℃
2026-03-02 22:49:45, 湿度, 80, rh%
2026-03-02 22:49:45, 二氧化碳, 1316, ppm
2026-03-02 22:49:45, 火焰强度, 957, level
2026-03-02 22:49:45, 亮度, 73, lux
2026-03-02 22:49:55, 温度, 17, ℃
2026-03-02 22:49:55, 湿度, 80, rh%
2026-03-02 22:49:55, 二氧化碳, 1316, ppm
2026-03-02 22:49:55, 火焰强度, 957, level
2026-03-02 22:49:55, 亮度, 73, lux
2026-03-02 22:50:05, 温度, 17, ℃
2026-03-02 22:50:05, 湿度, 80, rh%
2026-03-02 22:50:05, 二氧化碳, 1316, ppm
2026-03-02 22:50:05, 火焰强度, 957, level
2026-03-02 22:50:05, 亮度, 73, lux
2026-03-02 22:50:15, 温度, 17, ℃
2026-03-02 22:50:15, 湿度, 80, rh%
2026-03-02 22:50:15, 二氧化碳, 1316, ppm
2026-03-02 22:50:15, 火焰强度, 957, level
2026-03-02 22:50:15, 亮度, 73, lux
2026-03-02 22:50:25, 温度, 17, ℃
2026-03-02 22:50:25, 湿度, 80, rh%
2026-03-02 22:50:25, 二氧化碳, 1316, ppm
2026-03-02 22:50:25, 火焰强度, 957, level
2026-03-02 22:50:25, 亮度, 73, lux
2026-03-02 22:50:35, 温度, 17, ℃
2026-03-02 22:50:35, 湿度, 80, rh%
2026-03-02 22:50:35, 二氧化碳, 1316, ppm
2026-03-02 22:50:35, 火焰强度, 957, level
2026-03-02 22:50:35, 亮度, 73, lux
2026-03-02 22:50:45, 温度, 17, ℃
2026-03-02 22:50:45, 湿度, 80, rh%
2026-03-02 22:50:45, 二氧化碳, 1316, ppm
2026-03-02 22:50:45, 火焰强度, 957, level
2026-03-02 22:50:45, 亮度, 73, lux
2026-03-02 22:50:55, 温度, 17, ℃
2026-03-02 22:50:55, 湿度, 80, rh%
2026-03-02 22:50:55, 二氧化碳, 1316, ppm
2026-03-02 22:50:55, 火焰强度, 957, level
2026-03-02 22:50:55, 亮度, 73, lux
2026-03-02 22:51:05, 温度, 17, ℃
2026-03-02 22:51:05, 湿度, 80, rh%
2026-03-02 22:51:05, 二氧化碳, 1316, ppm
2026-03-02 22:51:05, 火焰强度, 957, level
2026-03-02 22:51:05, 亮度, 73, lux
2026-03-02 22:51:15, 温度, 17, ℃
2026-03-02 22:51:15, 湿度, 80, rh%
2026-03-02 22:51:15, 二氧化碳, 1316, ppm
2026-03-02 22:51:15, 火焰强度, 957, level
2026-03-02 22:51:15, 亮度, 73, lux
2026-03-02 22:51:25, 温度, 17, ℃
2026-03-02 22:51:25, 湿度, 80, rh%
2026-03-02 22:51:25, 二氧化碳, 1316, ppm
2026-03-02 22:51:25, 火焰强度, 957, level
2026-03-02 22:51:25, 亮度, 73, lux
2026-03-02 22:51:35, 温度, 17, ℃
2026-03-02 22:51:35, 湿度, 80, rh%
2026-03-02 22:51:35, 二氧化碳, 1316, ppm
2026-03-02 22:51:35, 火焰强度, 957, level
2026-03-02 22:51:35, 亮度, 73, lux
2026-03-02 22:51:45, 温度, 17, ℃
2026-03-02 22:51:45, 湿度, 80, rh%
2026-03-02 22:51:45, 二氧化碳, 1316, ppm
2026-03-02 22:51:45, 火焰强度, 957, level
2026-03-02 22:51:45, 亮度, 73, lux
2026-03-02 22:51:55, 温度, 17, ℃
2026-03-02 22:51:55, 湿度, 80, rh%
2026-03-02 22:51:55, 二氧化碳, 1316, ppm
2026-03-02 22:51:55, 火焰强度, 957, level
2026-03-02 22:51:55, 亮度, 73, lux
2026-03-02 22:52:05, 温度, 17, ℃
2026-03-02 22:52:05, 湿度, 80, rh%
2026-03-02 22:52:05, 二氧化碳, 1316, ppm
2026-03-02 22:52:05, 火焰强度, 957, level
2026-03-02 22:52:05, 亮度, 73, lux
2026-03-02 22:52:15, 温度, 17, ℃
2026-03-02 22:52:15, 湿度, 80, rh%
2026-03-02 22:52:15, 二氧化碳, 1316, ppm
2026-03-02 22:52:15, 火焰强度, 957, level
2026-03-02 22:52:15, 亮度, 73, lux
2026-03-02 22:52:25, 温度, 17, ℃
2026-03-02 22:52:25, 湿度, 80, rh%
2026-03-02 22:52:25, 二氧化碳, 1316, ppm
2026-03-02 22:52:25, 火焰强度, 957, level
2026-03-02 22:52:25, 亮度, 73, lux
2026-03-02 22:52:35, 温度, 17, ℃
2026-03-02 22:52:35, 湿度, 80, rh%
2026-03-02 22:52:35, 二氧化碳, 1316, ppm
2026-03-02 22:52:35, 火焰强度, 957, level
2026-03-02 22:52:35, 亮度, 73, lux
2026-03-02 22:52:45, 温度, 17, ℃
2026-03-02 22:52:45, 湿度, 80, rh%
2026-03-02 22:52:45, 二氧化碳, 1316, ppm
2026-03-02 22:52:45, 火焰强度, 957, level
2026-03-02 22:52:45, 亮度, 73, lux
2026-03-02 22:52:55, 温度, 17, ℃
2026-03-02 22:52:55, 湿度, 80, rh%
2026-03-02 22:52:55, 二氧化碳, 1316, ppm
2026-03-02 22:52:55, 火焰强度, 957, level
2026-03-02 22:52:55, 亮度, 73, lux
2026-03-02 22:53:05, 温度, 17, ℃
2026-03-02 22:53:05, 湿度, 80, rh%
2026-03-02 22:53:05, 二氧化碳, 1316, ppm
2026-03-02 22:53:05, 火焰强度, 957, level
2026-03-02 22:53:05, 亮度, 73, lux
2026-03-02 22:53:15, 温度, 17, ℃
2026-03-02 22:53:15, 湿度, 80, rh%
2026-03-02 22:53:15, 二氧化碳, 1316, ppm
2026-03-02 22:53:15, 火焰强度, 957, level
2026-03-02 22:53:15, 亮度, 73, lux
2026-03-02 22:53:25, 温度, 17, ℃
2026-03-02 22:53:25, 湿度, 80, rh%
2026-03-02 22:53:25, 二氧化碳, 1316, ppm
2026-03-02 22:53:25, 火焰强度, 957, level
2026-03-02 22:53:25, 亮度, 73, lux
2026-03-02 22:53:35, 温度, 17, ℃
2026-03-02 22:53:35, 湿度, 80, rh%
2026-03-02 22:53:35, 二氧化碳, 1316, ppm
2026-03-02 22:53:35, 火焰强度, 957, level
2026-03-02 22:53:35, 亮度, 73, lux
2026-03-02 22:53:45, 温度, 17, ℃
2026-03-02 22:53:45, 湿度, 80, rh%
2026-03-02 22:53:45, 二氧化碳, 1316, ppm
2026-03-02 22:53:45, 火焰强度, 957, level
2026-03-02 22:53:45, 亮度, 73, lux
2026-03-02 22:53:55, 温度, 17, ℃
2026-03-02 22:53:55, 湿度, 80, rh%
2026-03-02 22:53:55, 二氧化碳, 1316, ppm
2026-03-02 22:53:55, 火焰强度, 957, level
2026-03-02 22:53:55, 亮度, 73, lux
2026-03-02 22:54:05, 温度, 17, ℃
2026-03-02 22:54:05, 湿度, 80, rh%
2026-03-02 22:54:05, 二氧化碳, 1316, ppm
2026-03-02 22:54:05, 火焰强度, 957, level
2026-03-02 22:54:05, 亮度, 73, lux
2026-03-02 22:54:15, 温度, 17, ℃
2026-03-02 22:54:15, 湿度, 80, rh%
2026-03-02 22:54:15, 二氧化碳, 1316, ppm
2026-03-02 22:54:15, 火焰强度, 957, level
2026-03-02 22:54:15, 亮度, 73, lux
2026-03-02 22:54:26, 温度, 17, ℃
2026-03-02 22:54:26, 湿度, 80, rh%
2026-03-02 22:54:26, 二氧化碳, 1316, ppm
2026-03-02 22:54:26, 火焰强度, 957, level
2026-03-02 22:54:26, 亮度, 73, lux
2026-03-02 22:54:36, 温度, 17, ℃
2026-03-02 22:54:36, 湿度, 80, rh%
2026-03-02 22:54:36, 二氧化碳, 1316, ppm
2026-03-02 22:54:36, 火焰强度, 957, level
2026-03-02 22:54:36, 亮度, 73, lux
2026-03-02 22:54:46, 温度, 17, ℃
2026-03-02 22:54:46, 湿度, 80, rh%
2026-03-02 22:54:46, 二氧化碳, 1316, ppm
2026-03-02 22:54:46, 火焰强度, 957, level
2026-03-02 22:54:46, 亮度, 73, lux
2026-03-02 22:54:56, 温度, 17, ℃
2026-03-02 22:54:56, 湿度, 80, rh%
2026-03-02 22:54:56, 二氧化碳, 1316, ppm
2026-03-02 22:54:56, 火焰强度, 957, level
2026-03-02 22:54:56, 亮度, 73, lux
2026-03-02 22:55:06, 温度, 17, ℃
2026-03-02 22:55:06, 湿度, 80, rh%
2026-03-02 22:55:06, 二氧化碳, 1316, ppm
2026-03-02 22:55:06, 火焰强度, 957, level
2026-03-02 22:55:06, 亮度, 73, lux
2026-03-02 22:55:16, 温度, 17, ℃
2026-03-02 22:55:16, 湿度, 80, rh%
2026-03-02 22:55:16, 二氧化碳, 1316, ppm
2026-03-02 22:55:16, 火焰强度, 957, level
2026-03-02 22:55:16, 亮度, 73, lux
2026-03-02 22:55:26, 温度, 17, ℃
2026-03-02 22:55:26, 湿度, 80, rh%
2026-03-02 22:55:26, 二氧化碳, 1316, ppm
2026-03-02 22:55:26, 火焰强度, 957, level
2026-03-02 22:55:26, 亮度, 73, lux
2026-03-02 22:55:36, 温度, 17, ℃
2026-03-02 22:55:36, 湿度, 80, rh%
2026-03-02 22:55:36, 二氧化碳, 1316, ppm
2026-03-02 22:55:36, 火焰强度, 957, level
2026-03-02 22:55:36, 亮度, 73, lux
2026-03-02 22:55:46, 温度, 17, ℃
2026-03-02 22:55:46, 湿度, 80, rh%
2026-03-02 22:55:46, 二氧化碳, 1316, ppm
2026-03-02 22:55:46, 火焰强度, 957, level
2026-03-02 22:55:46, 亮度, 73, lux
2026-03-02 22:55:56, 温度, 17, ℃
2026-03-02 22:55:56, 湿度, 80, rh%
2026-03-02 22:55:56, 二氧化碳, 1316, ppm
2026-03-02 22:55:56, 火焰强度, 957, level
2026-03-02 22:55:56, 亮度, 73, lux
2026-03-02 22:56:06, 温度, 17, ℃
2026-03-02 22:56:06, 湿度, 80, rh%
2026-03-02 22:56:06, 二氧化碳, 1316, ppm
2026-03-02 22:56:06, 火焰强度, 957, level
2026-03-02 22:56:06, 亮度, 73, lux
2026-03-02 22:56:16, 温度, 17, ℃
2026-03-02 22:56:16, 湿度, 80, rh%
2026-03-02 22:56:16, 二氧化碳, 1316, ppm
2026-03-02 22:56:16, 火焰强度, 957, level
2026-03-02 22:56:16, 亮度, 73, lux
2026-03-02 22:56:26, 温度, 17, ℃
2026-03-02 22:56:26, 湿度, 80, rh%
2026-03-02 22:56:26, 二氧化碳, 1316, ppm
2026-03-02 22:56:26, 火焰强度, 957, level
2026-03-02 22:56:26, 亮度, 73, lux
2026-03-02 22:56:36, 温度, 17, ℃
2026-03-02 22:56:36, 湿度, 80, rh%
2026-03-02 22:56:36, 二氧化碳, 1316, ppm
2026-03-02 22:56:36, 火焰强度, 957, level
2026-03-02 22:56:36, 亮度, 73, lux
2026-03-02 22:56:46, 温度, 17, ℃
2026-03-02 22:56:46, 湿度, 80, rh%
2026-03-02 22:56:46, 二氧化碳, 1316, ppm
2026-03-02 22:56:46, 火焰强度, 957, level
2026-03-02 22:56:46, 亮度, 73, lux
2026-03-02 22:56:56, 温度, 17, ℃
2026-03-02 22:56:56, 湿度, 80, rh%
2026-03-02 22:56:56, 二氧化碳, 1316, ppm
2026-03-02 22:56:56, 火焰强度, 957, level
2026-03-02 22:56:56, 亮度, 73, lux
2026-03-02 22:57:06, 温度, 17, ℃
2026-03-02 22:57:06, 湿度, 80, rh%
2026-03-02 22:57:06, 二氧化碳, 1316, ppm
2026-03-02 22:57:06, 火焰强度, 957, level
2026-03-02 22:57:06, 亮度, 73, lux
2026-03-02 22:57:16, 温度, 17, ℃
2026-03-02 22:57:16, 湿度, 80, rh%
2026-03-02 22:57:16, 二氧化碳, 1316, ppm
2026-03-02 22:57:16, 火焰强度, 957, level
2026-03-02 22:57:16, 亮度, 73, lux
2026-03-02 22:57:26, 温度, 17, ℃
2026-03-02 22:57:26, 湿度, 80, rh%
2026-03-02 22:57:26, 二氧化碳, 1316, ppm
2026-03-02 22:57:26, 火焰强度, 957, level
2026-03-02 22:57:26, 亮度, 73, lux
2026-03-02 22:57:36, 温度, 17, ℃
2026-03-02 22:57:36, 湿度, 80, rh%
2026-03-02 22:57:36, 二氧化碳, 1316, ppm
2026-03-02 22:57:36, 火焰强度, 957, level
2026-03-02 22:57:36, 亮度, 73, lux
2026-03-02 22:57:46, 温度, 17, ℃
2026-03-02 22:57:46, 湿度, 80, rh%
2026-03-02 22:57:46, 二氧化碳, 1316, ppm
2026-03-02 22:57:46, 火焰强度, 957, level
2026-03-02 22:57:46, 亮度, 73, lux
2026-03-02 22:57:56, 温度, 17, ℃
2026-03-02 22:57:56, 湿度, 80, rh%
2026-03-02 22:57:56, 二氧化碳, 1316, ppm
2026-03-02 22:57:56, 火焰强度, 957, level
2026-03-02 22:57:56, 亮度, 73, lux
2026-03-02 22:58:06, 温度, 17, ℃
2026-03-02 22:58:06, 湿度, 80, rh%
2026-03-02 22:58:06, 二氧化碳, 1316, ppm
2026-03-02 22:58:06, 火焰强度, 957, level
2026-03-02 22:58:06, 亮度, 73, lux
2026-03-02 22:58:16, 温度, 17, ℃
2026-03-02 22:58:16, 湿度, 80, rh%
2026-03-02 22:58:16, 二氧化碳, 1316, ppm
2026-03-02 22:58:16, 火焰强度, 957, level
2026-03-02 22:58:16, 亮度, 73, lux
2026-03-02 22:58:26, 温度, 17, ℃
2026-03-02 22:58:26, 湿度, 80, rh%
2026-03-02 22:58:26, 二氧化碳, 1316, ppm
2026-03-02 22:58:26, 火焰强度, 957, level
2026-03-02 22:58:26, 亮度, 73, lux
2026-03-02 22:58:36, 温度, 17, ℃
2026-03-02 22:58:36, 湿度, 80, rh%
2026-03-02 22:58:36, 二氧化碳, 1316, ppm
2026-03-02 22:58:36, 火焰强度, 957, level
2026-03-02 22:58:36, 亮度, 73, lux
2026-03-02 22:58:46, 温度, 17, ℃
2026-03-02 22:58:46, 湿度, 80, rh%
2026-03-02 22:58:46, 二氧化碳, 1316, ppm
2026-03-02 22:58:46, 火焰强度, 957, level
2026-03-02 22:58:46, 亮度, 73, lux
2026-03-02 22:58:56, 温度, 17, ℃
2026-03-02 22:58:56, 湿度, 80, rh%
2026-03-02 22:58:56, 二氧化碳, 1316, ppm
2026-03-02 22:58:56, 火焰强度, 957, level
2026-03-02 22:58:56, 亮度, 73, lux
2026-03-02 22:59:06, 温度, 17, ℃
2026-03-02 22:59:06, 湿度, 80, rh%
2026-03-02 22:59:06, 二氧化碳, 1316, ppm
2026-03-02 22:59:06, 火焰强度, 957, level
2026-03-02 22:59:06, 亮度, 73, lux
2026-03-02 22:59:17, 温度, 17, ℃
2026-03-02 22:59:17, 湿度, 80, rh%
2026-03-02 22:59:17, 二氧化碳, 1316, ppm
2026-03-02 22:59:17, 火焰强度, 957, level
2026-03-02 22:59:17, 亮度, 73, lux
2026-03-02 22:59:27, 温度, 17, ℃
2026-03-02 22:59:27, 湿度, 80, rh%
2026-03-02 22:59:27, 二氧化碳, 1316, ppm
2026-03-02 22:59:27, 火焰强度, 957, level
2026-03-02 22:59:27, 亮度, 73, lux
2026-03-02 22:59:37, 温度, 17, ℃
2026-03-02 22:59:37, 湿度, 80, rh%
2026-03-02 22:59:37, 二氧化碳, 1316, ppm
2026-03-02 22:59:37, 火焰强度, 957, level
2026-03-02 22:59:37, 亮度, 73, lux
2026-03-02 22:59:47, 温度, 17, ℃
2026-03-02 22:59:47, 湿度, 80, rh%
2026-03-02 22:59:47, 二氧化碳, 1316, ppm
2026-03-02 22:59:47, 火焰强度, 957, level
2026-03-02 22:59:47, 亮度, 73, lux
2026-03-02 22:59:57, 温度, 17, ℃
2026-03-02 22:59:57, 湿度, 80, rh%
2026-03-02 22:59:57, 二氧化碳, 1316, ppm
2026-03-02 22:59:57, 火焰强度, 957, level
2026-03-02 22:59:57, 亮度, 73, lux
2026-03-02 23:00:07, 温度, 17, ℃
2026-03-02 23:00:07, 湿度, 80, rh%
2026-03-02 23:00:07, 二氧化碳, 1316, ppm
2026-03-02 23:00:07, 火焰强度, 957, level
2026-03-02 23:00:07, 亮度, 73, lux
2026-03-02 23:00:17, 温度, 17, ℃
2026-03-02 23:00:17, 湿度, 80, rh%
2026-03-02 23:00:17, 二氧化碳, 1316, ppm
2026-03-02 23:00:17, 火焰强度, 957, level
2026-03-02 23:00:17, 亮度, 73, lux
2026-03-02 23:00:27, 温度, 17, ℃
2026-03-02 23:00:27, 湿度, 80, rh%
2026-03-02 23:00:27, 二氧化碳, 1316, ppm
2026-03-02 23:00:27, 火焰强度, 957, level
2026-03-02 23:00:27, 亮度, 73, lux
2026-03-02 23:00:37, 温度, 17, ℃
2026-03-02 23:00:37, 湿度, 80, rh%
2026-03-02 23:00:37, 二氧化碳, 1316, ppm
2026-03-02 23:00:37, 火焰强度, 957, level
2026-03-02 23:00:37, 亮度, 73, lux
2026-03-02 23:00:47, 温度, 17, ℃
2026-03-02 23:00:47, 湿度, 80, rh%
2026-03-02 23:00:47, 二氧化碳, 1316, ppm
2026-03-02 23:00:47, 火焰强度, 957, level
2026-03-02 23:00:47, 亮度, 73, lux
2026-03-02 23:00:57, 温度, 17, ℃
2026-03-02 23:00:57, 湿度, 80, rh%
2026-03-02 23:00:57, 二氧化碳, 1316, ppm
2026-03-02 23:00:57, 火焰强度, 957, level
2026-03-02 23:00:57, 亮度, 73, lux
2026-03-02 23:01:07, 温度, 17, ℃
2026-03-02 23:01:07, 湿度, 80, rh%
2026-03-02 23:01:07, 二氧化碳, 1316, ppm
2026-03-02 23:01:07, 火焰强度, 957, level
2026-03-02 23:01:07, 亮度, 73, lux
2026-03-02 23:01:17, 温度, 17, ℃
2026-03-02 23:01:17, 湿度, 80, rh%
2026-03-02 23:01:17, 二氧化碳, 1316, ppm
2026-03-02 23:01:17, 火焰强度, 957, level
2026-03-02 23:01:17, 亮度, 73, lux
2026-03-02 23:01:27, 温度, 17, ℃
2026-03-02 23:01:27, 湿度, 80, rh%
2026-03-02 23:01:27, 二氧化碳, 1316, ppm
2026-03-02 23:01:27, 火焰强度, 957, level
2026-03-02 23:01:27, 亮度, 73, lux
2026-03-02 23:01:37, 温度, 17, ℃
2026-03-02 23:01:37, 湿度, 80, rh%
2026-03-02 23:01:37, 二氧化碳, 1316, ppm
2026-03-02 23:01:37, 火焰强度, 957, level
2026-03-02 23:01:37, 亮度, 73, lux
2026-03-02 23:01:47, 温度, 17, ℃
2026-03-02 23:01:47, 湿度, 80, rh%
2026-03-02 23:01:47, 二氧化碳, 1316, ppm
2026-03-02 23:01:47, 火焰强度, 957, level
2026-03-02 23:01:47, 亮度, 73, lux
2026-03-02 23:01:57, 温度, 17, ℃
2026-03-02 23:01:57, 湿度, 80, rh%
2026-03-02 23:01:57, 二氧化碳, 1316, ppm
2026-03-02 23:01:57, 火焰强度, 957, level
2026-03-02 23:01:57, 亮度, 73, lux
2026-03-02 23:02:07, 温度, 17, ℃
2026-03-02 23:02:07, 湿度, 80, rh%
2026-03-02 23:02:07, 二氧化碳, 1316, ppm
2026-03-02 23:02:07, 火焰强度, 1, level
2026-03-02 23:02:07, 亮度, 73, lux
2026-03-02 23:02:17, 温度, 17, ℃
2026-03-02 23:02:17, 湿度, 80, rh%
2026-03-02 23:02:17, 二氧化碳, 1316, ppm
2026-03-02 23:02:17, 火焰强度, 485, level
2026-03-02 23:02:17, 亮度, 73, lux
2026-03-02 23:02:27, 温度, 17, ℃
2026-03-02 23:02:27, 湿度, 80, rh%
2026-03-02 23:02:27, 二氧化碳, 1316, ppm
2026-03-02 23:02:27, 火焰强度, 1, level
2026-03-02 23:02:27, 亮度, 73, lux
2026-03-02 23:02:37, 温度, 17, ℃
2026-03-02 23:02:37, 湿度, 80, rh%
2026-03-02 23:02:37, 二氧化碳, 1316, ppm
2026-03-02 23:02:37, 火焰强度, 1, level
2026-03-02 23:02:37, 亮度, 73, lux
2026-03-02 23:02:47, 温度, 17, ℃
2026-03-02 23:02:47, 湿度, 80, rh%
2026-03-02 23:02:47, 二氧化碳, 417, ppm
2026-03-02 23:02:47, 火焰强度, 1, level
2026-03-02 23:02:47, 亮度, 73, lux
2026-03-02 23:02:57, 温度, 17, ℃
2026-03-02 23:02:57, 湿度, 80, rh%
2026-03-02 23:02:57, 二氧化碳, 417, ppm
2026-03-02 23:02:57, 火焰强度, 1, level
2026-03-02 23:02:57, 亮度, 73, lux
2026-03-02 23:03:07, 温度, 17, ℃
2026-03-02 23:03:07, 湿度, 80, rh%
2026-03-02 23:03:07, 二氧化碳, 417, ppm
2026-03-02 23:03:07, 火焰强度, 1, level
2026-03-02 23:03:07, 亮度, 73, lux
2026-03-02 23:03:17, 温度, 17, ℃
2026-03-02 23:03:17, 湿度, 80, rh%
2026-03-02 23:03:17, 二氧化碳, 417, ppm
2026-03-02 23:03:17, 火焰强度, 1, level
2026-03-02 23:03:17, 亮度, 73, lux
2026-03-02 23:03:27, 温度, 17, ℃
2026-03-02 23:03:27, 湿度, 80, rh%
2026-03-02 23:03:27, 二氧化碳, 417, ppm
2026-03-02 23:03:27, 火焰强度, 1, level
2026-03-02 23:03:27, 亮度, 73, lux
2026-03-02 23:03:37, 温度, 17, ℃
2026-03-02 23:03:37, 湿度, 80, rh%
2026-03-02 23:03:37, 二氧化碳, 417, ppm
2026-03-02 23:03:37, 火焰强度, 1, level
2026-03-02 23:03:37, 亮度, 73, lux
2026-03-02 23:03:47, 温度, 17, ℃
2026-03-02 23:03:47, 湿度, 80, rh%
2026-03-02 23:03:47, 二氧化碳, 417, ppm
2026-03-02 23:03:47, 火焰强度, 1, level
2026-03-02 23:03:47, 亮度, 73, lux
2026-03-02 23:03:57, 温度, 17, ℃
2026-03-02 23:03:57, 湿度, 80, rh%
2026-03-02 23:03:57, 二氧化碳, 417, ppm
2026-03-02 23:03:57, 火焰强度, 1, level
2026-03-02 23:03:57, 亮度, 73, lux
2026-03-02 23:04:07, 温度, 17, ℃
2026-03-02 23:04:07, 湿度, 80, rh%
2026-03-02 23:04:07, 二氧化碳, 417, ppm
2026-03-02 23:04:07, 火焰强度, 1, level
2026-03-02 23:04:07, 亮度, 73, lux
2026-03-02 23:04:17, 温度, 17, ℃
2026-03-02 23:04:17, 湿度, 80, rh%
2026-03-02 23:04:17, 二氧化碳, 417, ppm
2026-03-02 23:04:17, 火焰强度, 1, level
2026-03-02 23:04:17, 亮度, 73, lux
2026-03-02 23:04:27, 温度, 17, ℃
2026-03-02 23:04:27, 湿度, 80, rh%
2026-03-02 23:04:27, 二氧化碳, 417, ppm
2026-03-02 23:04:27, 火焰强度, 1, level
2026-03-02 23:04:27, 亮度, 73, lux
2026-03-02 23:04:37, 温度, 17, ℃
2026-03-02 23:04:37, 湿度, 80, rh%
2026-03-02 23:04:37, 二氧化碳, 417, ppm
2026-03-02 23:04:37, 火焰强度, 1, level
2026-03-02 23:04:37, 亮度, 73, lux
2026-03-02 23:04:47, 温度, 17, ℃
2026-03-02 23:04:47, 湿度, 80, rh%
2026-03-02 23:04:47, 二氧化碳, 417, ppm
2026-03-02 23:04:47, 火焰强度, 1, level
2026-03-02 23:04:47, 亮度, 73, lux
2026-03-02 23:04:57, 温度, 18, ℃
2026-03-02 23:04:57, 湿度, 80, rh%
2026-03-02 23:04:57, 二氧化碳, 389, ppm
2026-03-02 23:04:57, 火焰强度, 1, level
2026-03-02 23:04:57, 亮度, 1, lux
2026-03-02 23:05:07, 温度, 18, ℃
2026-03-02 23:05:07, 湿度, 40, rh%
2026-03-02 23:05:07, 二氧化碳, 389, ppm
2026-03-02 23:05:07, 火焰强度, 1, level
2026-03-02 23:05:07, 亮度, 1, lux
2026-03-02 23:05:18, 温度, 18, ℃
2026-03-02 23:05:18, 湿度, 40, rh%
2026-03-02 23:05:18, 二氧化碳, 389, ppm
2026-03-02 23:05:18, 火焰强度, 389, level
2026-03-02 23:05:18, 亮度, 1, lux
2026-03-02 23:05:28, 温度, 18, ℃
2026-03-02 23:05:28, 湿度, 40, rh%
2026-03-02 23:05:28, 二氧化碳, 389, ppm
2026-03-02 23:05:28, 火焰强度, 389, level
2026-03-02 23:05:28, 亮度, 1, lux
2026-03-02 23:05:38, 温度, 18, ℃
2026-03-02 23:05:38, 湿度, 43, rh%
2026-03-02 23:05:38, 二氧化碳, 389, ppm
2026-03-02 23:05:38, 火焰强度, 1, level
2026-03-02 23:05:38, 亮度, 1, lux
2026-03-02 23:05:48, 温度, 18, ℃
2026-03-02 23:05:48, 湿度, 43, rh%
2026-03-02 23:05:48, 二氧化碳, 413, ppm
2026-03-02 23:05:48, 火焰强度, 4629, level
2026-03-02 23:05:48, 亮度, 1, lux
2026-03-02 23:05:58, 温度, 18, ℃
2026-03-02 23:05:58, 湿度, 43, rh%
2026-03-02 23:05:58, 二氧化碳, 413, ppm
2026-03-02 23:05:58, 火焰强度, 4629, level
2026-03-02 23:05:58, 亮度, 1, lux
2026-03-02 23:06:08, 温度, 18, ℃
2026-03-02 23:06:08, 湿度, 43, rh%
2026-03-02 23:06:08, 二氧化碳, 413, ppm
2026-03-02 23:06:08, 火焰强度, 4629, level
2026-03-02 23:06:08, 亮度, 1, lux
2026-03-02 23:06:18, 温度, 18, ℃
2026-03-02 23:06:18, 湿度, 43, rh%
2026-03-02 23:06:18, 二氧化碳, 413, ppm
2026-03-02 23:06:18, 火焰强度, 4629, level
2026-03-02 23:06:18, 亮度, 1, lux
2026-03-02 23:06:28, 温度, 18, ℃
2026-03-02 23:06:28, 湿度, 43, rh%
2026-03-02 23:06:28, 二氧化碳, 413, ppm
2026-03-02 23:06:28, 火焰强度, 4629, level
2026-03-02 23:06:28, 亮度, 1, lux
2026-03-02 23:06:38, 温度, 18, ℃
2026-03-02 23:06:38, 湿度, 43, rh%
2026-03-02 23:06:38, 二氧化碳, 413, ppm
2026-03-02 23:06:38, 火焰强度, 4629, level
2026-03-02 23:06:38, 亮度, 1, lux
2026-03-02 23:06:48, 温度, 18, ℃
2026-03-02 23:06:48, 湿度, 43, rh%
2026-03-02 23:06:48, 二氧化碳, 413, ppm
2026-03-02 23:06:48, 火焰强度, 4629, level
2026-03-02 23:06:48, 亮度, 1, lux
2026-03-02 23:06:58, 温度, 18, ℃
2026-03-02 23:06:58, 湿度, 43, rh%
2026-03-02 23:06:58, 二氧化碳, 413, ppm
2026-03-02 23:06:58, 火焰强度, 4629, level
2026-03-02 23:06:58, 亮度, 1, lux
2026-03-02 23:07:08, 温度, 18, ℃
2026-03-02 23:07:08, 湿度, 43, rh%
2026-03-02 23:07:08, 二氧化碳, 413, ppm
2026-03-02 23:07:08, 火焰强度, 4629, level
2026-03-02 23:07:08, 亮度, 1, lux
2026-03-02 23:07:18, 温度, 18, ℃
2026-03-02 23:07:18, 湿度, 43, rh%
2026-03-02 23:07:18, 二氧化碳, 413, ppm
2026-03-02 23:07:18, 火焰强度, 4629, level
2026-03-02 23:07:18, 亮度, 1, lux
2026-03-02 23:07:28, 温度, 18, ℃
2026-03-02 23:07:28, 湿度, 43, rh%
2026-03-02 23:07:28, 二氧化碳, 413, ppm
2026-03-02 23:07:28, 火焰强度, 4629, level
2026-03-02 23:07:28, 亮度, 1, lux
2026-03-02 23:07:38, 温度, 18, ℃
2026-03-02 23:07:38, 湿度, 43, rh%
2026-03-02 23:07:38, 二氧化碳, 413, ppm
2026-03-02 23:07:38, 火焰强度, 4629, level
2026-03-02 23:07:38, 亮度, 1, lux
2026-03-02 23:07:48, 温度, 18, ℃
2026-03-02 23:07:48, 湿度, 43, rh%
2026-03-02 23:07:48, 二氧化碳, 413, ppm
2026-03-02 23:07:48, 火焰强度, 4629, level
2026-03-02 23:07:48, 亮度, 1, lux
2026-03-02 23:07:58, 温度, 18, ℃
2026-03-02 23:07:58, 湿度, 43, rh%
2026-03-02 23:07:58, 二氧化碳, 413, ppm
2026-03-02 23:07:58, 火焰强度, 4629, level
2026-03-02 23:07:58, 亮度, 1, lux
2026-03-02 23:08:08, 温度, 18, ℃
2026-03-02 23:08:08, 湿度, 43, rh%
2026-03-02 23:08:08, 二氧化碳, 413, ppm
2026-03-02 23:08:08, 火焰强度, 4629, level
2026-03-02 23:08:08, 亮度, 1, lux
2026-03-02 23:08:18, 温度, 18, ℃
2026-03-02 23:08:18, 湿度, 43, rh%
2026-03-02 23:08:18, 二氧化碳, 413, ppm
2026-03-02 23:08:18, 火焰强度, 4629, level
2026-03-02 23:08:18, 亮度, 1, lux
2026-03-02 23:08:28, 温度, 18, ℃
2026-03-02 23:08:28, 湿度, 43, rh%
2026-03-02 23:08:28, 二氧化碳, 413, ppm
2026-03-02 23:08:28, 火焰强度, 4629, level
2026-03-02 23:08:28, 亮度, 1, lux
2026-03-02 23:08:38, 温度, 18, ℃
2026-03-02 23:08:38, 湿度, 43, rh%
2026-03-02 23:08:38, 二氧化碳, 413, ppm
2026-03-02 23:08:38, 火焰强度, 4629, level
2026-03-02 23:08:38, 亮度, 1, lux
2026-03-02 23:08:48, 温度, 18, ℃
2026-03-02 23:08:48, 湿度, 43, rh%
2026-03-02 23:08:48, 二氧化碳, 413, ppm
2026-03-02 23:08:48, 火焰强度, 4629, level
2026-03-02 23:08:48, 亮度, 1, lux
2026-03-02 23:08:58, 温度, 18, ℃
2026-03-02 23:08:58, 湿度, 43, rh%
2026-03-02 23:08:58, 二氧化碳, 413, ppm
2026-03-02 23:08:58, 火焰强度, 4629, level
2026-03-02 23:08:58, 亮度, 1, lux
2026-03-02 23:09:08, 温度, 18, ℃
2026-03-02 23:09:08, 湿度, 43, rh%
2026-03-02 23:09:08, 二氧化碳, 413, ppm
2026-03-02 23:09:08, 火焰强度, 4629, level
2026-03-02 23:09:08, 亮度, 1, lux
2026-03-02 23:09:18, 温度, 18, ℃
2026-03-02 23:09:18, 湿度, 43, rh%
2026-03-02 23:09:18, 二氧化碳, 413, ppm
2026-03-02 23:09:18, 火焰强度, 4629, level
2026-03-02 23:09:18, 亮度, 1, lux
2026-03-02 23:09:28, 温度, 18, ℃
2026-03-02 23:09:28, 湿度, 43, rh%
2026-03-02 23:09:28, 二氧化碳, 413, ppm
2026-03-02 23:09:28, 火焰强度, 4629, level
2026-03-02 23:09:28, 亮度, 1, lux
2026-03-02 23:09:38, 温度, 18, ℃
2026-03-02 23:09:38, 湿度, 43, rh%
2026-03-02 23:09:38, 二氧化碳, 413, ppm
2026-03-02 23:09:38, 火焰强度, 4629, level
2026-03-02 23:09:38, 亮度, 1, lux
2026-03-02 23:09:48, 温度, 18, ℃
2026-03-02 23:09:48, 湿度, 43, rh%
2026-03-02 23:09:48, 二氧化碳, 413, ppm
2026-03-02 23:09:48, 火焰强度, 4629, level
2026-03-02 23:09:48, 亮度, 1, lux
2026-03-02 23:09:58, 温度, 18, ℃
2026-03-02 23:09:58, 湿度, 43, rh%
2026-03-02 23:09:58, 二氧化碳, 413, ppm
2026-03-02 23:09:58, 火焰强度, 4629, level
2026-03-02 23:09:58, 亮度, 1, lux
2026-03-02 23:10:09, 温度, 18, ℃
2026-03-02 23:10:09, 湿度, 43, rh%
2026-03-02 23:10:09, 二氧化碳, 413, ppm
2026-03-02 23:10:09, 火焰强度, 4629, level
2026-03-02 23:10:09, 亮度, 1, lux
2026-03-02 23:10:19, 温度, 18, ℃
2026-03-02 23:10:19, 湿度, 43, rh%
2026-03-02 23:10:19, 二氧化碳, 413, ppm
2026-03-02 23:10:19, 火焰强度, 4629, level
2026-03-02 23:10:19, 亮度, 1, lux
2026-03-02 23:10:29, 温度, 18, ℃
2026-03-02 23:10:29, 湿度, 43, rh%
2026-03-02 23:10:29, 二氧化碳, 413, ppm
2026-03-02 23:10:29, 火焰强度, 4629, level
2026-03-02 23:10:29, 亮度, 1, lux
2026-03-02 23:10:39, 温度, 18, ℃
2026-03-02 23:10:39, 湿度, 43, rh%
2026-03-02 23:10:39, 二氧化碳, 413, ppm
2026-03-02 23:10:39, 火焰强度, 4629, level
2026-03-02 23:10:39, 亮度, 1, lux
2026-03-02 23:10:49, 温度, 18, ℃
2026-03-02 23:10:49, 湿度, 43, rh%
2026-03-02 23:10:49, 二氧化碳, 413, ppm
2026-03-02 23:10:49, 火焰强度, 4629, level
2026-03-02 23:10:49, 亮度, 1, lux
2026-03-02 23:10:59, 温度, 18, ℃
2026-03-02 23:10:59, 湿度, 43, rh%
2026-03-02 23:10:59, 二氧化碳, 413, ppm
2026-03-02 23:10:59, 火焰强度, 4629, level
2026-03-02 23:10:59, 亮度, 1, lux
2026-03-02 23:11:09, 温度, 18, ℃
2026-03-02 23:11:09, 湿度, 43, rh%
2026-03-02 23:11:09, 二氧化碳, 413, ppm
2026-03-02 23:11:09, 火焰强度, 4629, level
2026-03-02 23:11:09, 亮度, 1, lux
2026-03-02 23:11:19, 温度, 18, ℃
2026-03-02 23:11:19, 湿度, 43, rh%
2026-03-02 23:11:19, 二氧化碳, 413, ppm
2026-03-02 23:11:19, 火焰强度, 4629, level
2026-03-02 23:11:19, 亮度, 1, lux
2026-03-02 23:11:29, 温度, 18, ℃
2026-03-02 23:11:29, 湿度, 43, rh%
2026-03-02 23:11:29, 二氧化碳, 413, ppm
2026-03-02 23:11:29, 火焰强度, 4629, level
2026-03-02 23:11:29, 亮度, 1, lux
2026-03-02 23:11:39, 温度, 18, ℃
2026-03-02 23:11:39, 湿度, 43, rh%
2026-03-02 23:11:39, 二氧化碳, 413, ppm
2026-03-02 23:11:39, 火焰强度, 4629, level
2026-03-02 23:11:39, 亮度, 1, lux
2026-03-02 23:11:49, 温度, 18, ℃
2026-03-02 23:11:49, 湿度, 43, rh%
2026-03-02 23:11:49, 二氧化碳, 413, ppm
2026-03-02 23:11:49, 火焰强度, 4629, level
2026-03-02 23:11:49, 亮度, 1, lux
2026-03-02 23:11:59, 温度, 18, ℃
2026-03-02 23:11:59, 湿度, 43, rh%
2026-03-02 23:11:59, 二氧化碳, 413, ppm
2026-03-02 23:11:59, 火焰强度, 4629, level
2026-03-02 23:11:59, 亮度, 1, lux
2026-03-02 23:12:09, 温度, 18, ℃
2026-03-02 23:12:09, 湿度, 43, rh%
2026-03-02 23:12:09, 二氧化碳, 413, ppm
2026-03-02 23:12:09, 火焰强度, 4629, level
2026-03-02 23:12:09, 亮度, 1, lux
2026-03-02 23:12:19, 温度, 18, ℃
2026-03-02 23:12:19, 湿度, 43, rh%
2026-03-02 23:12:19, 二氧化碳, 413, ppm
2026-03-02 23:12:19, 火焰强度, 4629, level
2026-03-02 23:12:19, 亮度, 1, lux
2026-03-02 23:12:29, 温度, 18, ℃
2026-03-02 23:12:29, 湿度, 43, rh%
2026-03-02 23:12:29, 二氧化碳, 413, ppm
2026-03-02 23:12:29, 火焰强度, 4629, level
2026-03-02 23:12:29, 亮度, 1, lux
2026-03-02 23:12:39, 温度, 18, ℃
2026-03-02 23:12:39, 湿度, 43, rh%
2026-03-02 23:12:39, 二氧化碳, 413, ppm
2026-03-02 23:12:39, 火焰强度, 4629, level
2026-03-02 23:12:39, 亮度, 1, lux
2026-03-02 23:12:49, 温度, 18, ℃
2026-03-02 23:12:49, 湿度, 43, rh%
2026-03-02 23:12:49, 二氧化碳, 413, ppm
2026-03-02 23:12:49, 火焰强度, 4629, level
2026-03-02 23:12:49, 亮度, 1, lux
2026-03-02 23:12:59, 温度, 18, ℃
2026-03-02 23:12:59, 湿度, 43, rh%
2026-03-02 23:12:59, 二氧化碳, 413, ppm
2026-03-02 23:12:59, 火焰强度, 4629, level
2026-03-02 23:12:59, 亮度, 1, lux
2026-03-02 23:13:09, 温度, 18, ℃
2026-03-02 23:13:09, 湿度, 43, rh%
2026-03-02 23:13:09, 二氧化碳, 413, ppm
2026-03-02 23:13:09, 火焰强度, 4629, level
2026-03-02 23:13:09, 亮度, 1, lux
2026-03-02 23:13:19, 温度, 18, ℃
2026-03-02 23:13:19, 湿度, 43, rh%
2026-03-02 23:13:19, 二氧化碳, 413, ppm
2026-03-02 23:13:19, 火焰强度, 4629, level
2026-03-02 23:13:19, 亮度, 1, lux
2026-03-02 23:13:29, 温度, 18, ℃
2026-03-02 23:13:29, 湿度, 91, rh%
2026-03-02 23:13:29, 二氧化碳, 413, ppm
2026-03-02 23:13:29, 火焰强度, 1, level
2026-03-02 23:13:29, 亮度, 1, lux
2026-03-02 23:13:39, 温度, 18, ℃
2026-03-02 23:13:39, 湿度, 90, rh%
2026-03-02 23:13:39, 二氧化碳, 413, ppm
2026-03-02 23:13:39, 火焰强度, 1, level
2026-03-02 23:13:39, 亮度, 1, lux
2026-03-02 23:13:49, 温度, 18, ℃
2026-03-02 23:13:49, 湿度, 86, rh%
2026-03-02 23:13:49, 二氧化碳, 407, ppm
2026-03-02 23:13:49, 火焰强度, 1, level
2026-03-02 23:13:49, 亮度, 1, lux
2026-03-02 23:13:59, 温度, 18, ℃
2026-03-02 23:13:59, 湿度, 86, rh%
2026-03-02 23:13:59, 二氧化碳, 407, ppm
2026-03-02 23:13:59, 火焰强度, 1, level
2026-03-02 23:13:59, 亮度, 1, lux
2026-03-02 23:14:09, 温度, 18, ℃
2026-03-02 23:14:09, 湿度, 85, rh%
2026-03-02 23:14:09, 二氧化碳, 407, ppm
2026-03-02 23:14:09, 火焰强度, 23134, level
2026-03-02 23:14:09, 亮度, 1, lux
2026-03-02 23:14:19, 温度, 18, ℃
2026-03-02 23:14:19, 湿度, 85, rh%
2026-03-02 23:14:19, 二氧化碳, 1013, ppm
2026-03-02 23:14:19, 火焰强度, 1, level
2026-03-02 23:14:19, 亮度, 1, lux
2026-03-02 23:14:29, 温度, 18, ℃
2026-03-02 23:14:29, 湿度, 85, rh%
2026-03-02 23:14:29, 二氧化碳, 1013, ppm
2026-03-02 23:14:29, 火焰强度, 1, level
2026-03-02 23:14:29, 亮度, 1, lux
2026-03-02 23:14:39, 温度, 18, ℃
2026-03-02 23:14:39, 湿度, 85, rh%
2026-03-02 23:14:39, 二氧化碳, 1013, ppm
2026-03-02 23:14:39, 火焰强度, 753, level
2026-03-02 23:14:39, 亮度, 1, lux
2026-03-02 23:14:49, 温度, 18, ℃
2026-03-02 23:14:49, 湿度, 85, rh%
2026-03-02 23:14:49, 二氧化碳, 1013, ppm
2026-03-02 23:14:49, 火焰强度, 573, level
2026-03-02 23:14:49, 亮度, 1, lux
2026-03-02 23:14:59, 温度, 18, ℃
2026-03-02 23:14:59, 湿度, 85, rh%
2026-03-02 23:14:59, 二氧化碳, 1013, ppm
2026-03-02 23:14:59, 火焰强度, 573, level
2026-03-02 23:14:59, 亮度, 1, lux
2026-03-02 23:15:09, 温度, 18, ℃
2026-03-02 23:15:09, 湿度, 85, rh%
2026-03-02 23:15:09, 二氧化碳, 1013, ppm
2026-03-02 23:15:09, 火焰强度, 1, level
2026-03-02 23:15:09, 亮度, 1, lux
2026-03-02 23:15:19, 温度, 17, ℃
2026-03-02 23:15:19, 湿度, 85, rh%
2026-03-02 23:15:19, 二氧化碳, 350, ppm
2026-03-02 23:15:19, 火焰强度, 1, level
2026-03-02 23:15:19, 亮度, 25, lux
2026-03-02 23:15:29, 温度, 18, ℃
2026-03-02 23:15:29, 湿度, 85, rh%
2026-03-02 23:15:29, 二氧化碳, 350, ppm
2026-03-02 23:15:29, 火焰强度, 350, level
2026-03-02 23:15:29, 亮度, 13, lux
2026-03-02 23:15:39, 温度, 16, ℃
2026-03-02 23:15:39, 湿度, 85, rh%
2026-03-02 23:15:39, 二氧化碳, 350, ppm
2026-03-02 23:15:39, 火焰强度, 1, level
2026-03-02 23:15:39, 亮度, 19, lux
2026-03-02 23:15:50, 温度, 16, ℃
2026-03-02 23:15:50, 湿度, 85, rh%
2026-03-02 23:15:50, 二氧化碳, 350, ppm
2026-03-02 23:15:50, 火焰强度, 3893, level
2026-03-02 23:15:50, 亮度, 19, lux
2026-03-02 23:16:00, 温度, 16, ℃
2026-03-02 23:16:00, 湿度, 57, rh%
2026-03-02 23:16:00, 二氧化碳, 350, ppm
2026-03-02 23:16:00, 火焰强度, 1, level
2026-03-02 23:16:00, 亮度, 19, lux
2026-03-02 23:16:10, 温度, 16, ℃
2026-03-02 23:16:10, 湿度, 56, rh%
2026-03-02 23:16:10, 二氧化碳, 350, ppm
2026-03-02 23:16:10, 火焰强度, 1, level
2026-03-02 23:16:10, 亮度, 19, lux
2026-03-02 23:16:20, 温度, 17, ℃
2026-03-02 23:16:20, 湿度, 54, rh%
2026-03-02 23:16:20, 二氧化碳, 423, ppm
2026-03-02 23:16:20, 火焰强度, 37, level
2026-03-02 23:16:20, 亮度, 1, lux
2026-03-02 23:16:30, 温度, 17, ℃
2026-03-02 23:16:30, 湿度, 53, rh%
2026-03-02 23:16:30, 二氧化碳, 423, ppm
2026-03-02 23:16:30, 火焰强度, 412, level
2026-03-02 23:16:30, 亮度, 1, lux
2026-03-02 23:16:40, 温度, 17, ℃
2026-03-02 23:16:40, 湿度, 52, rh%
2026-03-02 23:16:40, 二氧化碳, 423, ppm
2026-03-02 23:16:40, 火焰强度, 1, level
2026-03-02 23:16:40, 亮度, 1, lux
2026-03-02 23:16:50, 温度, 17, ℃
2026-03-02 23:16:50, 湿度, 52, rh%
2026-03-02 23:16:50, 二氧化碳, 423, ppm
2026-03-02 23:16:50, 火焰强度, 1, level
2026-03-02 23:16:50, 亮度, 1, lux
2026-03-02 23:17:00, 温度, 17, ℃
2026-03-02 23:17:00, 湿度, 52, rh%
2026-03-02 23:17:00, 二氧化碳, 423, ppm
2026-03-02 23:17:00, 火焰强度, 1, level
2026-03-02 23:17:00, 亮度, 1, lux
2026-03-02 23:17:10, 温度, 17, ℃
2026-03-02 23:17:10, 湿度, 52, rh%
2026-03-02 23:17:10, 二氧化碳, 423, ppm
2026-03-02 23:17:10, 火焰强度, 1, level
2026-03-02 23:17:10, 亮度, 1, lux
2026-03-02 23:17:20, 温度, 17, ℃
2026-03-02 23:17:20, 湿度, 52, rh%
2026-03-02 23:17:20, 二氧化碳, 423, ppm
2026-03-02 23:17:20, 火焰强度, 1, level
2026-03-02 23:17:20, 亮度, 1, lux
2026-03-02 23:17:30, 温度, 17, ℃
2026-03-02 23:17:30, 湿度, 52, rh%
2026-03-02 23:17:30, 二氧化碳, 423, ppm
2026-03-02 23:17:30, 火焰强度, 1, level
2026-03-02 23:17:30, 亮度, 1, lux
2026-03-02 23:17:40, 温度, 17, ℃
2026-03-02 23:17:40, 湿度, 52, rh%
2026-03-02 23:17:40, 二氧化碳, 423, ppm
2026-03-02 23:17:40, 火焰强度, 1, level
2026-03-02 23:17:40, 亮度, 1, lux
2026-03-02 23:17:50, 温度, 17, ℃
2026-03-02 23:17:50, 湿度, 52, rh%
2026-03-02 23:17:50, 二氧化碳, 423, ppm
2026-03-02 23:17:50, 火焰强度, 1, level
2026-03-02 23:17:50, 亮度, 1, lux
2026-03-02 23:18:00, 温度, 17, ℃
2026-03-02 23:18:00, 湿度, 52, rh%
2026-03-02 23:18:00, 二氧化碳, 423, ppm
2026-03-02 23:18:00, 火焰强度, 1, level
2026-03-02 23:18:00, 亮度, 1, lux
2026-03-02 23:18:10, 温度, 17, ℃
2026-03-02 23:18:10, 湿度, 52, rh%
2026-03-02 23:18:10, 二氧化碳, 423, ppm
2026-03-02 23:18:10, 火焰强度, 1, level
2026-03-02 23:18:10, 亮度, 1, lux
2026-03-02 23:18:20, 温度, 17, ℃
2026-03-02 23:18:20, 湿度, 52, rh%
2026-03-02 23:18:20, 二氧化碳, 423, ppm
2026-03-02 23:18:20, 火焰强度, 1, level
2026-03-02 23:18:20, 亮度, 1, lux
2026-03-02 23:18:30, 温度, 17, ℃
2026-03-02 23:18:30, 湿度, 52, rh%
2026-03-02 23:18:30, 二氧化碳, 423, ppm
2026-03-02 23:18:30, 火焰强度, 1, level
2026-03-02 23:18:30, 亮度, 1, lux
2026-03-02 23:18:40, 温度, 17, ℃
2026-03-02 23:18:40, 湿度, 52, rh%
2026-03-02 23:18:40, 二氧化碳, 423, ppm
2026-03-02 23:18:40, 火焰强度, 1, level
2026-03-02 23:18:40, 亮度, 1, lux
2026-03-02 23:18:50, 温度, 17, ℃
2026-03-02 23:18:50, 湿度, 52, rh%
2026-03-02 23:18:50, 二氧化碳, 423, ppm
2026-03-02 23:18:50, 火焰强度, 1, level
2026-03-02 23:18:50, 亮度, 1, lux
2026-03-02 23:19:00, 温度, 17, ℃
2026-03-02 23:19:00, 湿度, 52, rh%
2026-03-02 23:19:00, 二氧化碳, 423, ppm
2026-03-02 23:19:00, 火焰强度, 1, level
2026-03-02 23:19:00, 亮度, 1, lux
2026-03-02 23:19:10, 温度, 17, ℃
2026-03-02 23:19:10, 湿度, 52, rh%
2026-03-02 23:19:10, 二氧化碳, 423, ppm
2026-03-02 23:19:10, 火焰强度, 1, level
2026-03-02 23:19:10, 亮度, 1, lux
2026-03-02 23:19:20, 温度, 17, ℃
2026-03-02 23:19:20, 湿度, 52, rh%
2026-03-02 23:19:20, 二氧化碳, 423, ppm
2026-03-02 23:19:20, 火焰强度, 1, level
2026-03-02 23:19:20, 亮度, 1, lux
2026-03-02 23:19:30, 温度, 17, ℃
2026-03-02 23:19:30, 湿度, 52, rh%
2026-03-02 23:19:30, 二氧化碳, 423, ppm
2026-03-02 23:19:30, 火焰强度, 1, level
2026-03-02 23:19:30, 亮度, 1, lux
2026-03-02 23:19:40, 温度, 17, ℃
2026-03-02 23:19:40, 湿度, 52, rh%
2026-03-02 23:19:40, 二氧化碳, 423, ppm
2026-03-02 23:19:40, 火焰强度, 1, level
2026-03-02 23:19:40, 亮度, 1, lux
2026-03-02 23:19:50, 温度, 17, ℃
2026-03-02 23:19:50, 湿度, 52, rh%
2026-03-02 23:19:50, 二氧化碳, 423, ppm
2026-03-02 23:19:50, 火焰强度, 1, level
2026-03-02 23:19:50, 亮度, 1, lux
2026-03-02 23:20:00, 温度, 17, ℃
2026-03-02 23:20:00, 湿度, 52, rh%
2026-03-02 23:20:00, 二氧化碳, 423, ppm
2026-03-02 23:20:00, 火焰强度, 1, level
2026-03-02 23:20:00, 亮度, 1, lux
2026-03-02 23:20:10, 温度, 17, ℃
2026-03-02 23:20:10, 湿度, 52, rh%
2026-03-02 23:20:10, 二氧化碳, 423, ppm
2026-03-02 23:20:10, 火焰强度, 1, level
2026-03-02 23:20:10, 亮度, 1, lux
2026-03-02 23:20:20, 温度, 17, ℃
2026-03-02 23:20:20, 湿度, 52, rh%
2026-03-02 23:20:20, 二氧化碳, 423, ppm
2026-03-02 23:20:20, 火焰强度, 1, level
2026-03-02 23:20:20, 亮度, 1, lux
2026-03-02 23:20:30, 温度, 17, ℃
2026-03-02 23:20:30, 湿度, 52, rh%
2026-03-02 23:20:30, 二氧化碳, 423, ppm
2026-03-02 23:20:30, 火焰强度, 1, level
2026-03-02 23:20:30, 亮度, 1, lux
2026-03-02 23:20:40, 温度, 17, ℃
2026-03-02 23:20:40, 湿度, 52, rh%
2026-03-02 23:20:40, 二氧化碳, 423, ppm
2026-03-02 23:20:40, 火焰强度, 1, level
2026-03-02 23:20:40, 亮度, 1, lux
2026-03-02 23:20:50, 温度, 17, ℃
2026-03-02 23:20:50, 湿度, 52, rh%
2026-03-02 23:20:50, 二氧化碳, 423, ppm
2026-03-02 23:20:50, 火焰强度, 1, level
2026-03-02 23:20:50, 亮度, 1, lux
2026-03-02 23:21:01, 温度, 17, ℃
2026-03-02 23:21:01, 湿度, 52, rh%
2026-03-02 23:21:01, 二氧化碳, 423, ppm
2026-03-02 23:21:01, 火焰强度, 1, level
2026-03-02 23:21:01, 亮度, 1, lux
2026-03-02 23:21:11, 温度, 17, ℃
2026-03-02 23:21:11, 湿度, 52, rh%
2026-03-02 23:21:11, 二氧化碳, 423, ppm
2026-03-02 23:21:11, 火焰强度, 1, level
2026-03-02 23:21:11, 亮度, 1, lux
2026-03-02 23:21:21, 温度, 17, ℃
2026-03-02 23:21:21, 湿度, 52, rh%
2026-03-02 23:21:21, 二氧化碳, 423, ppm
2026-03-02 23:21:21, 火焰强度, 1, level
2026-03-02 23:21:21, 亮度, 1, lux
2026-03-02 23:21:31, 温度, 17, ℃
2026-03-02 23:21:31, 湿度, 52, rh%
2026-03-02 23:21:31, 二氧化碳, 423, ppm
2026-03-02 23:21:31, 火焰强度, 1, level
2026-03-02 23:21:31, 亮度, 1, lux
2026-03-02 23:21:41, 温度, 17, ℃
2026-03-02 23:21:41, 湿度, 52, rh%
2026-03-02 23:21:41, 二氧化碳, 423, ppm
2026-03-02 23:21:41, 火焰强度, 1, level
2026-03-02 23:21:41, 亮度, 1, lux
2026-03-02 23:21:51, 温度, 17, ℃
2026-03-02 23:21:51, 湿度, 52, rh%
2026-03-02 23:21:51, 二氧化碳, 423, ppm
2026-03-02 23:21:51, 火焰强度, 1, level
2026-03-02 23:21:51, 亮度, 1, lux
2026-03-02 23:22:01, 温度, 17, ℃
2026-03-02 23:22:01, 湿度, 52, rh%
2026-03-02 23:22:01, 二氧化碳, 423, ppm
2026-03-02 23:22:01, 火焰强度, 1, level
2026-03-02 23:22:01, 亮度, 1, lux
2026-03-02 23:22:11, 温度, 17, ℃
2026-03-02 23:22:11, 湿度, 52, rh%
2026-03-02 23:22:11, 二氧化碳, 423, ppm
2026-03-02 23:22:11, 火焰强度, 1, level
2026-03-02 23:22:11, 亮度, 1, lux
2026-03-02 23:22:21, 温度, 17, ℃
2026-03-02 23:22:21, 湿度, 52, rh%
2026-03-02 23:22:21, 二氧化碳, 423, ppm
2026-03-02 23:22:21, 火焰强度, 1, level
2026-03-02 23:22:21, 亮度, 1, lux
2026-03-02 23:22:31, 温度, 17, ℃
2026-03-02 23:22:31, 湿度, 52, rh%
2026-03-02 23:22:31, 二氧化碳, 423, ppm
2026-03-02 23:22:31, 火焰强度, 1, level
2026-03-02 23:22:31, 亮度, 1, lux
2026-03-02 23:22:41, 温度, 17, ℃
2026-03-02 23:22:41, 湿度, 52, rh%
2026-03-02 23:22:41, 二氧化碳, 423, ppm
2026-03-02 23:22:41, 火焰强度, 1, level
2026-03-02 23:22:41, 亮度, 1, lux
2026-03-02 23:22:51, 温度, 17, ℃
2026-03-02 23:22:51, 湿度, 52, rh%
2026-03-02 23:22:51, 二氧化碳, 423, ppm
2026-03-02 23:22:51, 火焰强度, 1, level
2026-03-02 23:22:51, 亮度, 1, lux
2026-03-02 23:23:01, 温度, 17, ℃
2026-03-02 23:23:01, 湿度, 52, rh%
2026-03-02 23:23:01, 二氧化碳, 423, ppm
2026-03-02 23:23:01, 火焰强度, 1, level
2026-03-02 23:23:01, 亮度, 1, lux
2026-03-02 23:23:11, 温度, 17, ℃
2026-03-02 23:23:11, 湿度, 52, rh%
2026-03-02 23:23:11, 二氧化碳, 423, ppm
2026-03-02 23:23:11, 火焰强度, 1, level
2026-03-02 23:23:11, 亮度, 1, lux
2026-03-02 23:23:21, 温度, 17, ℃
2026-03-02 23:23:21, 湿度, 52, rh%
2026-03-02 23:23:21, 二氧化碳, 423, ppm
2026-03-02 23:23:21, 火焰强度, 1, level
2026-03-02 23:23:21, 亮度, 1, lux
2026-03-02 23:23:31, 温度, 17, ℃
2026-03-02 23:23:31, 湿度, 52, rh%
2026-03-02 23:23:31, 二氧化碳, 423, ppm
2026-03-02 23:23:31, 火焰强度, 1, level
2026-03-02 23:23:31, 亮度, 1, lux
2026-03-02 23:23:41, 温度, 17, ℃
2026-03-02 23:23:41, 湿度, 52, rh%
2026-03-02 23:23:41, 二氧化碳, 423, ppm
2026-03-02 23:23:41, 火焰强度, 1, level
2026-03-02 23:23:41, 亮度, 1, lux
2026-03-02 23:23:51, 温度, 17, ℃
2026-03-02 23:23:51, 湿度, 52, rh%
2026-03-02 23:23:51, 二氧化碳, 423, ppm
2026-03-02 23:23:51, 火焰强度, 1, level
2026-03-02 23:23:51, 亮度, 1, lux
2026-03-02 23:24:01, 温度, 17, ℃
2026-03-02 23:24:01, 湿度, 52, rh%
2026-03-02 23:24:01, 二氧化碳, 423, ppm
2026-03-02 23:24:01, 火焰强度, 1, level
2026-03-02 23:24:01, 亮度, 1, lux
2026-03-02 23:24:11, 温度, 17, ℃
2026-03-02 23:24:11, 湿度, 52, rh%
2026-03-02 23:24:11, 二氧化碳, 423, ppm
2026-03-02 23:24:11, 火焰强度, 1, level
2026-03-02 23:24:11, 亮度, 1, lux
2026-03-02 23:24:21, 温度, 17, ℃
2026-03-02 23:24:21, 湿度, 52, rh%
2026-03-02 23:24:21, 二氧化碳, 423, ppm
2026-03-02 23:24:21, 火焰强度, 1, level
2026-03-02 23:24:21, 亮度, 1, lux
2026-03-02 23:24:31, 温度, 17, ℃
2026-03-02 23:24:31, 湿度, 52, rh%
2026-03-02 23:24:31, 二氧化碳, 423, ppm
2026-03-02 23:24:31, 火焰强度, 1, level
2026-03-02 23:24:31, 亮度, 1, lux
2026-03-02 23:24:41, 温度, 17, ℃
2026-03-02 23:24:41, 湿度, 52, rh%
2026-03-02 23:24:41, 二氧化碳, 423, ppm
2026-03-02 23:24:41, 火焰强度, 1, level
2026-03-02 23:24:41, 亮度, 1, lux
2026-03-02 23:24:51, 温度, 17, ℃
2026-03-02 23:24:51, 湿度, 52, rh%
2026-03-02 23:24:51, 二氧化碳, 423, ppm
2026-03-02 23:24:51, 火焰强度, 1, level
2026-03-02 23:24:51, 亮度, 1, lux
2026-03-02 23:25:01, 温度, 17, ℃
2026-03-02 23:25:01, 湿度, 52, rh%
2026-03-02 23:25:01, 二氧化碳, 423, ppm
2026-03-02 23:25:01, 火焰强度, 1, level
2026-03-02 23:25:01, 亮度, 1, lux
2026-03-02 23:25:11, 温度, 17, ℃
2026-03-02 23:25:11, 湿度, 52, rh%
2026-03-02 23:25:11, 二氧化碳, 423, ppm
2026-03-02 23:25:11, 火焰强度, 1, level
2026-03-02 23:25:11, 亮度, 1, lux
2026-03-02 23:25:21, 温度, 17, ℃
2026-03-02 23:25:21, 湿度, 52, rh%
2026-03-02 23:25:21, 二氧化碳, 423, ppm
2026-03-02 23:25:21, 火焰强度, 1, level
2026-03-02 23:25:21, 亮度, 1, lux
2026-03-02 23:25:32, 温度, 17, ℃
2026-03-02 23:25:32, 湿度, 52, rh%
2026-03-02 23:25:32, 二氧化碳, 423, ppm
2026-03-02 23:25:32, 火焰强度, 1, level
2026-03-02 23:25:32, 亮度, 1, lux
2026-03-02 23:25:42, 温度, 17, ℃
2026-03-02 23:25:42, 湿度, 52, rh%
2026-03-02 23:25:42, 二氧化碳, 423, ppm
2026-03-02 23:25:42, 火焰强度, 1, level
2026-03-02 23:25:42, 亮度, 1, lux
2026-03-02 23:25:52, 温度, 17, ℃
2026-03-02 23:25:52, 湿度, 52, rh%
2026-03-02 23:25:52, 二氧化碳, 423, ppm
2026-03-02 23:25:52, 火焰强度, 1, level
2026-03-02 23:25:52, 亮度, 1, lux
2026-03-02 23:26:02, 温度, 17, ℃
2026-03-02 23:26:02, 湿度, 52, rh%
2026-03-02 23:26:02, 二氧化碳, 423, ppm
2026-03-02 23:26:02, 火焰强度, 1, level
2026-03-02 23:26:02, 亮度, 1, lux
2026-03-02 23:26:12, 温度, 17, ℃
2026-03-02 23:26:12, 湿度, 52, rh%
2026-03-02 23:26:12, 二氧化碳, 423, ppm
2026-03-02 23:26:12, 火焰强度, 1, level
2026-03-02 23:26:12, 亮度, 1, lux